Character Name,Alternative Name,Category,Description,Source References,,,,,
King Arthur,,Character,This character served as the subject of a story set in medieval Europe that Jaiko was planning to write for her manga. He is a character from Arthurian legends.,"TenComi Volume 44, Page 141",,,,,
Arthur Grant,,Character,"This character appeared in materials created by Nobita for the public debate Does Nessie Exist or Not?. In January 1934, Arthur Grant saw a creature crossing a road near Loch Ness while on his motorcycle.","TenComi Volume 6, Page 126",,,,,
R3-D3,,Robot Servant,"A robot servant of Princess Are Okkana. Chased by Akan Vader, R3-D3 fled from Planet Lilliput. When Princess Are was captured by Akan Vader near Earth, the robot escaped separately. R3-D3 had recorded the princess's distress message and showed the video to Nobita and Doraemon, asking for their help. Based on R2-D2 from Star Wars.","TenComi Volume 19, Page 37; FF Land Volume 21, Page 141; Complete Works Volume 8, Page 305",,,,,
Are Okkana,,Princess,"The princess of Lilliput. She looks a little like Shizuka and wears a large star-shaped necklace. She was attacked by Akan Vader's forces and fled into space, but was captured near Earth. She is imprisoned in a secret base in the attic of Gian's house, waiting to be rescued. As a princess, she has a habit of praising and immediately rewarding those who achieve great things. Even in enemy territory, she would take out medals and try to present them.","TenComi Volume 19, Page 37; FF Land Volume 21, Page 141; Complete Works Volume 8, Page 305",,,,,
Aoi no O,,Phone Book Entry,"This is the entry Shizuka read aloud to test Nobita, who had memorized the phone book using Memory Bread. The entry appears above the alphabetical listings in the phone book. The phone number is 123-4567.","TenComi Volume 2, Page 10; FF Land Volume 7, Page 91; Complete Works Volume 3, Page 239",,,,,
My Dog Dora,,Character,Doraemon appeared in Nobita's dream as seen through the Standing Dream Stick.,"TenComi Volume 16, Page 61; FF Land Volume 20, Page 166; Complete Works Volume 7, Page 304",,,,,
Einstein,,German Physicist,"Albert Einstein was a German physicist famous for his theory of Brownian motion, his explanation of the photoelectric effect, and his theory of relativity. Suneo explained these concepts to Nobita.","TenComi Volume 25, Page 146; FF Land Volume 27, Page 5; Complete Works Volume 10, Page 356",,,,,
Einmotain (Doctor),Ainmotain (Professor),Scientist,"From The Screw of Life story. Einmotain was a stuffed cow brought to life by the screw. After receiving energy from a lightning strike, the cow gained a brilliant mind and invented air purifiers and ceramics used in the Clockwork City.","Long Series Volume 17, Page 51",,,,,
The Girl with Red Shoes,Girl in Red Shoes,Kindergarten Friend,A girl who lived next door to Nobita when he was in kindergarten. Her name is Nonko. Nobita played a prank and hid her red shoes.,"TenComi Volume 14, Page 29; FF Land Volume 32, Page 53; Complete Works Volume 4, Page 579",,,,,
Red Scorpion,,Musical Character,"A character from the musical The Birth of Heaven. He is the King of the Southern Desert who tried to conquer the lush, green land of the White King.","The Epic Volume 12, Page 126",,,,,
Akan Vader,Akanbeda,Villain,"Invaders who attacked Planet Lilliput. Akan Vader wears a mask covering his face. He captured Princess Are Okkana near Earth, then landed on Earth. He secretly built a base in the attic of Gian's house with the aim of conquering Earth. His battleship is enormous and incredibly strong. As a military commander, he was somewhat absent-minded, leaving no guards at the base and sending the entire army out for a meal. Based on Darth Vader from Star Wars.","TenComi Volume 19, Page 37; FF Land Volume 21, Page 141; Complete Works Volume 8, Page 305",,,,,
The Person Who Threw Away the Empty Cans,,Unnamed Character,"Someone who threw an empty drink can into someone's yard. This person has an afro, wears sunglasses, and has a beard.","Color Volume 4, Page 72; Complete Works Volume 13, Page 59",,,,,
The Burglar,,Thief,"A burglar tried to break into Mr. Torigoe's house wearing sunglasses. The burglar tracked the residents movements and climbed over the fence to enter. However, Nobita and Doraemon were at home because they had read the next day's newspaper using the Newspaper Date Change Post, and knew the burglary was planned. The burglar gave up and went home.","TenComi Volume 25, Page 176; FF Land Volume 31, Page 42; Complete Works Volume 11, Page 384",,,,,
Landlord of Vacant Land,Owner of the Vacant Lot,Old Man,The old man who owns the vacant lot where Nobita built a house using the Camping Capsule without permission. He came to complain about this unauthorized construction.,"The Epic Volume 9, Page 12",,,,,
Devil,,Demon,"A demon summoned by Nobita using a demon-summoning tool. He was a very humble demon, crying and saying that hardly anyone called on him anymore these days. He gave Nobita the Devil Card.","TenComi Volume 22, Page 76",,,,,
Akuma,Akumaan,TV Villain,"The villain from the TV show Nobita watches every week. Thanks to the peace signals emitted from the Peace Antenna by his arch-enemy Mutekiman, he ended up becoming friends with Mutekiman.","TenComi Volume 25, Page 114",,,,,
Demon Race (Magical World),Demon Tribe,Aliens,"In a magical world, demons and monsters are said to have existed on Earth long ago. They possess tremendous magical power. Originally, they were not Earthlings, but aliens from another celestial body called the Demon Realm.","The Longest Volume 5, Page 79",,,,,
Demon Race (Animal Planet),Demon Tribe,Aliens,"On Animal Planet, a race is said to have ruled the moon visible from Nimge. Legend says that long ago on the moon, they oppressed the ancestors of Animal Planet.","The Longest Volume 10, Page 67",,,,,
Akuma Robo Black,,TV Character,A character that appeared on TV Nobita was watching. He was hit with a swift punch by Grand Robo Deluxe.,"FF Land Volume 3, Page 99; Plus Volume 4, Page 57; Complete Works Volume 4, Page 533",,,,,
Villain Star,,Character,"Having lost his memory, he went into houses one by one searching for his own home. The Forgetful Hammer drives him crazy if he hits his head too hard with it.","TenComi Volume 5, Page 51; FF Land Volume 3, Page 125; Complete Works Volume 1, Page 212",,,,,
Asare-chan,,Merchandise Character,A character whose related merchandise Shizuka collects.,"TenComi Volume 28, Page 149",,,,,
Aston,,Boy,A boy on a mystery tour and the son of a billionaire. Jane is Aston's friend. His body was taken over by a parasite.,"The Longest Novel Volume 16, Page 66",,,,,
Aston's Dad,,Billionaire,"Aston's father and a billionaire. He invested funds to rebuild Dreamersland, which was destroyed in an attack by Yadori.","The Longest Novel Volume 16, Page 66",,,,,
Adam (Nobita Explaining),Adam,Biblical Figure,"This figure appeared when Nobita explained to Shizuka that it was right to be naked. Adam is a figure from the Bible, considered the first human created by God.","TenComi Volume 32, Page 147",,,,,
Adam (Garden of Eden),Adam,Biblical Figure,"One of the ancestors of humankind who lived in the Garden of Eden with Eve. Adam ate the fruit of the Tree of Knowledge, which God had forbidden him to eat, and was expelled from Eden. This appeared in the book The Beginning of the World, which Nobita took from Takahiro.","The Longest Volume 15, Page 6",,,,,
Adamsen,,Documenter,"This character appeared in materials created by Nobita for the public debate Does Nessie Exist or Not?. In 565, Adamsen wrote about the dragon in his Life of Saint Columba regarding Loch Ness.","TenComi Volume 6, Page 126",,,,,
Prince Adolf,Adolf Denka,Royalty,"The Crown Prince of the Principality of Littlestein. During Shizuka's visit to Japan, she attached a letter to a balloon and released it into the air. The prince picked it up in front of the State Guest House.","TenComi Volume 39, Page 104",,,,,
Ichiro Abaratani,Abaraya Ichiro,Student,"He lives in a small house with his mother and six siblings. The Christmas party was to be held at his house, but it was too small, so Doraemon solved the problem using gravity paint.","TenComi Volume 5, Page 21; FF Land Volume 13, Page 96; Complete Works Volume 3, Page 286",,,,,
Abaratani-Kun's Mother,Abaraya-Kun's Mother,Parent,"Abaratani Ichiro's mother raises six children in a small house. She prepared to leave the house for her son, who promised to attend a Christmas party.","TenComi Volume 5, Page 22; FF Land Volume 13, Page 97; Complete Works Volume 3, Page 287",,,,,
Abaratani Jiro,Abaraya Jiro,Sibling,Abaratani Ichiro's brother.,"TenComi Volume 5, Page 23; FF Land Volume 13, Page 98; Complete Works Volume 3, Page 288",,,,,
The Old Man Who Runs the Dilapidated House,Old Man in the Dilapidated House,Shop Owner,The owner of a traditional Japanese confectionery shop that looks dilapidated and is on the verge of closing. The sweets taste really good.,"TenComi Volume 14, Page 29; FF Land Volume 32, Page 53; Complete Works Volume 4, Page 579",,,,,
Abare-chan,,Robot,The main character of Dr. Stop Abare-chan. She is a strong and cute girl robot.,"TenComi Volume 31, Page 148; TenComi Volume 35, Page 48; FF Land Volume 44, Page 98; Complete Works Volume 15, Page 58",,,,,
Abzil,,Slave Trader,"An Arabian slave trader who tried to capture Shizuka and sell her off. He had been rescued by Sinbad in the past and taken to the Golden Palace, and now he wants to seize the Golden Palace.","Long Series Volume 11, Page 120",,,,,
Abdullah,,Alias,The name Doraemon used when introducing himself to King Harun al-Rashid.,"Long Series Volume 11, Page 65",,,,,
News Announcer Sub-Branch,,News Announcer,The name of the news announcer that Nobita's dad was watching.,"TenComi Volume 36, Page 159; FF Land Volume 44, Page 181; Complete Works Volume 13, Page 439",,,,,
Amachi Mari,,Singer,A professional singer selected to appear on the TV show Let's Become a Star. Gian aimed to win the championship and copied the voiceprint using a machine that captures voiceprint characteristics and turns them into candy.,"TenComi Volume 8, Page 43; FF Land Volume 13, Page 23; Complete Works Volume 2, Page 419",,,,,
Amano Sorao,,Anime Character,He appears in an anime that Gian watches in his room on the Galaxy Express. He is a fantasy-loving elementary school student.,"The Longest Novel Volume 16, Page 36",,,,,
Hoshio Amano,Amano Hoshio,Singer,"A singer that Shizuka is a huge fan of. Shizuka wanted an autograph, so she sent a letter to the Get a Reply in Advance Postbox, but she did not receive a reply.","TenComi Volume 2, Page 185; FF Land Volume 8, Page 145; Complete Works Volume 1, Page 753",,,,,
Amu,,Robot Ancestor,"One of the ancestors of robots in Mechatopia. Created 30,000 years ago by a scientist who had become disillusioned with humanity.","The Longest Series Volume 7, Page 193",,,,,
Ayano Trilleau,,String Figure Artist,A professional string figure artist who attempted the Great Finger trick. Her signature move is Great Forest.,"TenComi Volume 15, Page 184",,,,,
Arakawashi Kamen,Arawashikamen,TV Hero,"The TV hero that Nobita watched. He wears a mask resembling an eagle. His body is decorated with a cape, but the legs are quite simple. He fights using long swords as his weapon.","TenComi Volume 12, Page 62; FF Land Volume 11, Page 88; Complete Works Volume 4, Page 502",,,,,
Ant (Nobita's Alias),Ant Alias,Alias,The name Nobita used when introducing himself to King Harun al-Rashid.,"Long Series Volume 11, Page 65",,,,,
Arsene Lupin,,Literary Character,A master thief who appears in the works of French novelist Maurice Leblanc. Nobita used Arsene Lupin as a metaphor when he stole a book using the Devil's Passport.,"TenComi Volume 13, Page 141",,,,,
Andersen,Hans Christian Andersen,Author,"Hans Christian Andersen was a Danish children's book author. He wrote The Little Match Girl, The Little Mermaid, The Ugly Duckling, and The Emperor's New Clothes.","TenComi Volume 8, Page 125; TenComi Volume 17, Page 92; FF Land Volume 23, Page 106; FF Land Volume 34, Page 125; Complete Works Volume 6, Page 147; Complete Works Volume 7, Page 344",,,,,
Anna,Siamese Cat,Pet Cat,A purebred Siamese cat kept as a pet in Suneo's house. Anna was found when Suneo's mother's 10 million yen diamond went missing.,"TenComi Volume 30, Page 66",,,,,
Ambrose Bierce,,Writer,"An American writer who disappeared in late 1913 after traveling to Mexico during the revolution. His last known letter was dated December 26, 1913, from Chihuahua, Mexico.","The Longest Series Volume 9, Page 65",,,,,
King Unluck,Unluck King,Ruler,"The king who rules the planet Chamocha. Due to Dr. Napogistler's machinations, the planet Chamocha has been taken over.","The Epic Volume 13, Page 90",,,,,
Head of the Flower Arrangement School,Iemoto-San,Flower Arrangement Master,The head of the flower arrangement school that Nobita's mother practices. He noticed her flower arrangement at the exhibition and praised its quality.,"TenComi Volume 28, Page 114; FF Land Volume 35, Page 162; Complete Works Volume 11, Page 508",,,,,
Ikaji Family,,Unknown,"The name that appeared in Shizuka's dream, inscribed on a tombstone.","Complete Works Volume 3, Page 64",,,,,
A Foreigner Who Collapsed from Exhaustion,,Dutchman,A Dutchman was found collapsed in an empty lot. He was rescued by Kawaru-kun and had a picture of Momotaro.,"TenComi Volume 9, Page 163; FF Land Volume 19, Page 13; Complete Works Volume 5, Page 249",,,,,
Junko Ikeuchi,,Celebrity Lookalike,"Nobita's mom said that when she saw her own smiling face, it looked just like Junko Ikeuchi's.","TenComi Volume 15, Page 86; FF Land Volume 8, Page 56; Complete Works Volume 2, Page 438",,,,,
Sacrificial Daughter,Sacrifice Daughter,Woman,"A woman who lives on Futatsuyama. She was offered as a sacrifice to Shirakami-sama, but managed to escape.","Long Series Volume 15, Page 89",,,,,
Ishikawa Goemon,,Historical Figure,"Appears to be an ordinary police officer, but his true identity is revealed by the Bowing Grasshopper. The Vietnam War, photochemical smog, and rising prices are comedically attributed to his doing. He repents of his evil deeds and throws himself into jail.","TenComi Volume 1, Page 94; FF Land Volume 3, Page 89; Complete Works Volume 1, Page 209",,,,,
A Bullied Puppy,Bullied Puppy,Animal,"A small dog was tied to a tree in an empty lot. Thanks to the Animal Transformation Gratitude Potion, it came to Doraemon's house to repay him for saving it.","TenComi Volume 35, Page 106; FF Land Volume 44, Page 140; Complete Works Volume 12, Page 528",,,,,
Ichi,,Stray Dog,"A stray dog became attached to Nobita after he fed it once. Nobita's mom found out he was secretly keeping it as a pet, so he used his time machine to take Ichi back 300 million years. Ichi, who was already intelligent, evolved due to the evolutionary radiation source and became the leader of other animals. He later established a nation and ruled as its first president.","TenComi Volume 22, Page 173; FF Land Volume 29, Page 161; Complete Works Volume 8, Page 577",,,,,
Ichijoji Retsu,,Unknown,The address on an envelope was mixed in with Nobita's mail.,"TenComi Volume 38, Page 87",,,,,
Issunboshi,,Picture Book Character,A character that appears in the picture book that Nobita owns.,"Long Series Volume 11, Page 26",,,,,
The Person Who Dropped the Bag Containing 10 Million Yen,,Man,"A man left a bag containing 10 million yen in a public telephone booth. He remembered halfway and went back, but the bag was already gone. He called out to Nobita, who was nearby, for help.","TenComi Volume 34, Page 50; FF Land Volume 29, Page 156; Complete Works Volume 10, Page 238",,,,,
The Person Who Found the Bag Containing 10 Million Yen,,Man,A man found a bag containing 10 million yen in a public telephone booth. He ran as fast as he could and reported it to the police station.,"TenComi Volume 34, Page 50; FF Land Volume 29, Page 156; Complete Works Volume 10, Page 238",,,,,
A Dog That Always Bites,Dog That Bites Nobita,Animal,A dog that always bites Nobita. He was bitten by Nobita using a One-Shot Reversal Bomb and ran away.,"Plus Volume 3, Page 67; Complete Works Volume 14, Page 343",,,,,
A Child Who Is Always Timid and Nervous,,Boy,"A boy who is Nobita's friend. The child is quick-tempered, easily frightened, and always timid and nervous. The boy did not want to go back to his grandfather's house, so he stood outside in the cold winter.","FF Land Volume 22, Page 121; Complete Works Volume 6, Page 403; Plus Volume 6, Page 97",,,,,
The Grandfather of the Timid Child,Old Man Who Is Always Timid and Nervous,Old Man,The grandfather of a child who gets angry at the slightest thing and is always timid and nervous.,"FF Land Volume 22, Page 121; Complete Works Volume 6, Page 403; Plus Volume 6, Page 97",,,,,
Tsubasa Ito,Ito Tsubasa,Female Idol,A female idol who is popular with Suneo and Doraemon fans. She was delivered to Nobita's house using a copying machine. She got caught up in a scuffle between Doraemon and Nobita and was knocked over. She frequently appears as a top idol. Suneo is an executive member of the Tsubasa Ito fan club.,"TenComi Volume 29, Page 170",,,,,
Tsubasa Ito's Elementary School Teacher,,Teacher,A teacher who was very kind to Tsubasa Ito when she was in elementary school. He remains a trusted confidant for Tsubasa Ito. He is elderly and uses a wheelchair.,"Plus Volume 5, Page 48; Complete Works Volume 13, Page 660",,,,,
Itoyama-San,,Commentator,A commentator for the world title match for string figures.,"TenComi Volume 15, Page 181",,,,,
Dog Police Officer,The Dog Policeman,Animal Police,"A dog cop in a winding city. Jack was speeding and crashed his car into a lamppost, completely wrecking it, so police cars rushed to the scene.","Long Novel Volume 17, Page 30",,,,,
Saburo Inuyama,Inuyama Saburo,Boy,A boy who mistakenly addressed Nobita's New Year's card to Taiyama Saburo.,"TenComi Volume 15, Page 168; FF Land Volume 25, Page 94; Complete Works Volume 4, Page 570",,,,,
Taro Inuyama,Inuyama Taro,Father,"Saburo Inuyama's father. Thanks to the power of the Portable Parliament, the kanji characters were changed to Taizan Kenro.","TenComi Volume 15, Page 170; FF Land Volume 25, Page 96; Complete Works Volume 4, Page 572",,,,,
A Girl Walking Her Dog (Gian's Crush 1),Girl Walking Her Dog,Girl,A girl Gian has a crush on. She often walks Benji in the park.,"TenComi Volume 44, Page 39",,,,,
A Girl Walking Her Dog (Gian's Crush 2),Girl Walking Her Dog,Girl,A girl Gian fell in love with. She was from Osaka and stayed at a relative's house for a while.,"TenComi Volume 29, Page 66",,,,,
Wild Boar,,Animal,"The large wild boar that chased Nobita's ancestor, Nobisaku. It was killed by Suneo's ancestor, Sunemaru.","TenComi Volume 1, Page 101; FF Land Volume 2, Page 8; Complete Works Volume 1, Page 354",,,,,
Eve (Nobita Explaining),Adam and Eve,Biblical Figure,"This figure appeared when Nobita explained to Shizuka that it was right to be naked. Eve is a figure from the Bible, considered the second human created by God after Adam.","TenComi Volume 32, Page 147",,,,,
Eve (Garden of Eden),Adam and Eve,Biblical Figure,"One of the ancestors of humankind who lived in the Garden of Eden with Adam. Eve ate the fruit of the Tree of Knowledge, which God had forbidden her to eat, and was expelled from Eden. This appeared in the book The Beginning of the World, which Nobita took from Takahiro.","The Longest Volume 15, Page 6",,,,,
Emu,,Robot Ancestor,"One of the ancestors of robots in Mechatopia. Created 30,000 years ago by a scientist who had become disillusioned with humanity.","The Longest Series Volume 7, Page 193",,,,,
Iwao,Iwaotoko,Rock Golem,Shizuka created a giant rock golem using her Inanimate Object Hypnosis Megaphone.,"Long Series Volume 18, Page 157",,,,,
Wu-Tang,Uutan,Mayor,The mayor of Animal Planet. He prayed to God and Nimge and devised a plan to fight. He is a leader of the townspeople who devoutly follow God's teachings.,"The Longest Volume 10, Page 147",,,,,
The Old Man Tending Plants,Man Tending Plants,Old Man,"An old man was tending his plants when something hit him on the head over the fence. When he rushed out to investigate, he spotted Gian and Suneo passing by and suspected them. He has only one hair on top of his head.","TenComi Volume 3, Page 47; FF Land Volume 6, Page 13; Complete Works Volume 2, Page 492",,,,,
Fish Frog,Uogaeru,Creature,"Creatures resembling fish with arms and legs that inhabit planet Koya Koya. In winter, they come ashore, burrow into soil, and hibernate.","The Longest Novel Volume 2, Page 38",,,,,
Employee of Uotatsu,Uotatsu's Employee,Worker,"A male employee of the Senshin fish shop in Nobita's town. A cat thief stole a fish, and the employee chased after it with a kitchen knife.","FF Land Volume 10, Page 189; Complete Works Volume 4, Page 325; Plus Volume 6, Page 88",,,,,
Uginba-Kun,,Elephant,"An elephant living in Tanzania, Africa. He testified before the Noah Project council. His family was killed by poachers who wanted his ivory.","Long Series Volume 12, Page 158",,,,,
Rabbit,,Doll,A doll that Shizuka was holding. Papi got on the rabbit and ran away while filming.,"The Longest Novel Volume 6, Page 15",,,,,
Minister of the Right,Udaijin,Official,A high-ranking official in the imperial court. He was cured of his illness by Sunemaro.,"The Longest Novel Volume 15, Page 134",,,,,
Utabe,,Performer,"At a celebration marking escape from Gigazombie and arrival in Japan, a man from the Hikari tribe performed a song.","The Longest Series Volume 9, Page 125",,,,,
Yumi Uchida,Uchida Yumi,Actress,A star appearing in a Japanese-American co-production film filmed in front of the train station.,"TenComi Volume 45, Page 191",,,,,
Space Monster (Space Exploration Pretend Play),Space Monsters,Toy Monster,"A monster that appears in Space Exploration Pretend Play. The monsters attack, but since they are made of rubber, players can play with them without worry.","TenComi Volume 29, Page 41; FF Land Volume 37, Page 9; Complete Works Volume 14, Page 154",,,,,
Space Monster Snail,Alien Snail,Dream Character,"Suneo appears in Nobita's dream. Apparently, Suneo loses a space war against Nobita in the dream.","TenComi Volume 28, Page 88; FF Land Volume 36, Page 92; Complete Works Volume 10, Page 607",,,,,
Cosmic Monster,Space Monster,TV Monster,"A monster that appeared in Space Detective Saraba. Thanks to the One-Shot Comeback Bomb, he defeated the protagonist and brought the show to an end. In the video, he stepped on Space Detective Saraba with his foot, then smiled and made a triumphant gesture.","Plus Volume 3, Page 73; Complete Works Volume 14, Page 349",,,,,
Aliens,,Space Visitors,Nobita found a balloon he was remotely controlling with the Long-Range Balloon Letter Controller. The balloon arrived at Nobita's house late at night with a letter attached. The sender seemed to understand Japanese.,"TenComi Volume 39, Page 109",,,,,
Space Tarzan,Uchuu Tarzan,TV Hero,"Nobita's favorite TV hero. He was naked from the waist up, wearing only cloth on his lower body, and holding something resembling a dagger in his left hand. He appeared riding a dinosaur, screaming Ahhh ahhh ahh, and defeated bad guys. The show aired from 5 o'clock.","TenComi Volume 16, Page 167; TenComi Volume 31, Page 10; FF Land Volume 21, Page 159; FF Land Volume 38, Page 28; Complete Works Volume 7, Page 365; Complete Works Volume 12, Page 250",,,,,
The Actor Who Played Space Tarzan,,Actor,"The man playing Space Tarzan had a large, muscular build. He met Nobita in the park and sadly told him the show was likely to be cancelled. Moved by Nobita's genuine enthusiasm, the actor believed in Nobita's proposal and persuaded the director and others.","TenComi Volume 16, Page 169; FF Land Volume 21, Page 161; Complete Works Volume 7, Page 367",,,,,
Great Demon King of the Universe,Great Demon King of Space,Movie Villain,"The villain from the tokusatsu film Space Great Demon God, based on the original work by Dekisugi-kun. Gian plays the role.","TenComi Volume 20, Page 174; FF Land Volume 27, Page 97; Complete Works Volume 9, Page 368",,,,,
Space Detective Saraba,Space Detective Farewell,TV Hero,The main character of the TV show Space Detective Saraba. He fought against a space monster but was defeated by the effect of the One-Shot Reversal Bomb.,"Plus Volume 3, Page 73; Complete Works Volume 14, Page 349",,,,,
Space Pilot,,TV Character,"A pilot who set out to explore a star far from Earth appeared on TV Nobita and his friends watched. He returned to Earth after one year, but because he traveled at near light speed, fifty years passed on Earth. He was surprised by how much Earth had changed.","TenComi Volume 25, Page 145; FF Land Volume 27, Page 4; Complete Works Volume 10, Page 355",,,,,
Grandson of a Space Pilot,Space Pilot's Grandchild,TV Character,The person who appeared on TV welcoming the space pilot back to Earth at the airport.,"TenComi Volume 25, Page 145; FF Land Volume 27, Page 4; Complete Works Volume 10, Page 355",,,,,
Space Rocket Robbery,Space Rocket Criminal,Criminal,"A future criminal who stole a space rocket. In Nobita's time, he dropped a bag containing secret gadgets from the future. He accidentally saw the Time Patrol's emergency contact channel on Time TV and tried to eliminate Gian and his friends, but was arrested by the Time Patrol.","TenComi Volume 4, Page 145; FF Land Volume 8, Page 167; Complete Works Volume 2, Page 369",,,,,
Ukki,,Monkey Plushie,Shizuka brought a monkey plushie named Ukki. It was mischievous and quick. It befriended skeletons using the Screw of Life.,"Long Series Volume 17, Page 43",,,,,
The Old Man at the Horse Shop,Umai-Ya Uncle,Shop Owner/Sponsor,"He became a sponsor of the broadcasting station that Nobitaro started. He runs a confectionery shop. With the sponsor's support, Nobitaro appeared on a singing show and performed a Naniwa-bushi song. The reputation was very bad.","TenComi Volume 11, Page 107; Complete Works Volume 20, Page 365",,,,,
Sea Witch,Umi no Majo,Story Character,"The witch from the picture book The Little Mermaid. In exchange for the Little Mermaid's voice, she was supposed to give a potion turning the tail into legs. Doraemon entered the picture book using picture book entry shoes and persistently persuaded her. She agreed and handed over the secret potion for free.","TenComi Volume 19, Page 55; FF Land Volume 29, Page 136; Complete Works Volume 11, Page 132",,,,,
Sea Monster (Assorted Ghosts),Umibozu,Ghost,"The ghost Nobita produced in Assorted Ghosts. He can swim freely underwater and carried Nobita, who could not swim, on his back.","TenComi Volume 31, Page 29; FF Land Volume 27, Page 67; Complete Works Volume 10, Page 383",,,,,
Sea Monster (Captain Kidd Era),Umibozu,Sea Monster,A sea monster from the time of Captain Kidd attacked the ship Nobita and his friends were on. It was a synthetically modified organism developed by a company from the future.,"Long Series Volume 18, Page 32",,,,,
Sea Monster (Fake Fishing Hook),Umibozu,Artificial Fish,Doraemon was greatly inflated by a fake fishing hook that Nobita's dad caught.,"TenComi Volume 31, Page 23; FF Land Volume 39, Page 101; Complete Works Volume 13, Page 379",,,,,
Urashima Taro,,Folk Tale Character,"He saved a turtle and was invited to the Dragon Palace at the bottom of the sea. In the summer of 1049, he went missing at sea and reappeared in 1317 (canonical Doraemon timeline).","TenComi Volume 25, Page 152; TenComi Volume 32 Page 112; FF Land Volume 27, Page 11; FF Land Volume 40 Page 100; Complete Works Volume 10, Page 362; Complete Works Volume 13 Page 127",,,,,
Uradraman,Uradoraman,Movie Hero,"A hero of justice in the tokusatsu film Space Great Demon God, based on Dekisugi-kun's original work. A boy whose town was burned down was given power and fought to defeat the Great Demon King. Doraemon forcibly seized the leading role in exchange for lending filming equipment.","TenComi Volume 20, Page 181; FF Land Volume 27, Page 104; Complete Works Volume 9, Page 375",,,,,
Uratorman,Uatoruman,TV Hero,"A hero who appears in the TV show Uratorman. He has a body similar to Ultraman's. Due to the Magic Clock, he was forced to fight many times and became so tired he fell asleep.","Complete Works Volume 3, Page 104",,,,,
Uranari Kazuo,,Transfer Student,"The transfer student was downcast because his father was a sailor and could not come home often. Using the Continuous Reflection Mirror, Uranari talked to his father far away, which cheered him up.","TenComi Volume 22, Page 133; FF Land Volume 31, Page 113; Complete Works Volume 10, Page 423",,,,,
Uranari-Kun's Father,Uranari-Kun's Dad,Sailor Parent,He is a sailor who cannot go home very often. He is Uranari-kun's father.,"TenComi Volume 22, Page 141; FF Land Volume 31, Page 121; Complete Works Volume 10, Page 431",,,,,
Urankana,,Salesman,"A salesman in the new product sales department of Mirai Department Store. Competition with rival companies is fierce, and they prevent product information leaks.","TenComi Volume 45, Page 165",,,,,
Noisy Old Man,,Neighbor,"The old man in the house Nobita said was noisy. He has straight, long eyebrows extending beyond his head. He got angry when he saw Gian and his gang vandalizing the wall.","TenComi Volume 15, Page 141; FF Land Volume 19, Page 177; Complete Works Volume 6, Page 107",,,,,
Ultrasneo,Ultra Neo,Dream Hero,The name Suneo used when he was a hero in his dream. He looked just like Super Dan.,"Complete Works Volume 3, Page 66",,,,,
Ultra Seven Eleven,Ultra Seven Eleven,TV Hero,The TV hero that Gian watched. He fights monsters.,"TenComi Volume 26, Page 13",,,,,
Ultra Boy,,TV Hero,"The main character of Ultra Boy, a popular TV show Nobita and his friends watch. He wore a cape and form-fitting suit. His abilities are unknown but he can fly. He could crash into UFOs dozens of times larger than himself, suggesting extreme strength.","TenComi Volume 17, Page 95; FF Land Volume 23, Page 109; Complete Works Volume 7, Page 347",,,,,
Ultra One,Ultra-One,TV Hero,A hero in the TV show Ultra One. He has a dog-like face and body resembling Ultraman Seven.,"Complete Works Volume 3, Page 56",,,,,
Driver,,Homeowner,"The homeowner where Nobita took refuge from a car. The house is at the end of a sharp curve, so dump trucks often crash into it. Just as Doraemon and others were talking, a dump truck came speeding toward them.","TenComi Volume 1, Page 29; FF Land Volume 1, Page 27; Complete Works Volume 1, Page 36",,,,,
A Woman Practicing Driving,,Older Woman,"An older woman practiced driving in her backyard. Nobita, who had trespassed into the garden, was almost run over.","TenComi Volume 1, Page 29; FF Land Volume 1, Page 27; Complete Works Volume 1, Page 36",,,,,
Umino-San,Unno's Acquaintance,Acquaintance,The person who lent Nobita's dad the karaoke set.,"TenComi Volume 44, Page 185",,,,,
A. Campbell,,Fisheries Manager,This character appeared in materials for the debate Does Nessie Exist or Not?. In 1934 he saw the Loch Ness Monster and documented the experience. He was a fisheries manager.,"TenComi Volume 6, Page 126",,,,,
A-Kun,E-Kun,Friend,Nobita's friend mentioned when Nobita was persuading his parents to stop hiring a tutor.,"TenComi Volume 33, Page 159; FF Land Volume 41, Page 137; Complete Works Volume 13, Page 453",,,,,
Baron Erich von Munchausen,Erich von Munchausen,Ancestor,"An ancestor of Lotte Munchausen. Five hundred years ago, they built Munchausen Castle. He was a large armored man who left treasure for descendants and saved Lotte from Josef, who sought the treasure.","TenComi Volume 12, Page 184",,,,,
Illustrator (Paintings Not Selling),Artist,Painter,"An older painter struggled because his paintings were not selling. When he pawned a painting, it fetched 1 million yen, and art gallery owners recognized his work.","TenComi Volume 18, Page 87; FF Land Volume 28, Page 29; Complete Works Volume 8, Page 389",,,,,
Illustrator (Crayon Drawn),Artist,Painter,"A painter drawn by Doraemon using crayons. In exchange for teaching art, he demanded food. He asked Nobita's mom Who drew this? It's terrible, then drew his own mom. He tried to take over the Nobi home with his paintings.","FF Land Volume 12, Page 160; Color Volume 5, Page 129; Complete Works Volume 6, Page 34",,,,,
Ekaterina,,Pet Cat,Suneo's pet cat with a pedigree certificate. It ran away from home but came back a week later.,"Long Novel Volume 16, Page 8",,,,,
Edison,,Inventor,"A character from the book Edison that Nobita received as a Christmas present. Thomas Alva Edison was an American inventor famous for the phonograph, incandescent light bulb, and telephone improvements. He holds over 1,000 patents.","FF Land Volume 4, Page 167; TenComi Volume 45, Page 85; Plus Volume 5, Page 107; Complete Works Volume 4, Page 425",,,,,
Esper Boys Squad,Esper Shonentai,Boys Squad,"A boys squad led by Captain Ken protecting world peace. They confronted Dasai, King of the Demon World, and defeated him. The group has four members plus a female named Yuri. They use a special move called Psycho Wave together.","FF Land Volume 29, Page 80; Complete Works Volume 10, Page 193",,,,,
Emodran,Emodoran,Robot,A robot from the 22nd century in the underground world.,"The Longest Series Volume 15, Page 181",,,,,
Dr. Jiang Lai,Great Professor,Professor,"When Nobita got a perfect score, a professor from Tokushiro University appeared on TV via PR radiation. He said Nobita's perfect score was a monumental achievement comparable to the Apollo 11 moon landing.","TenComi Volume 25, Page 75; FF Land Volume 36, Page 111; Complete Works Volume 9, Page 577",,,,,
Frilled Frog,,Animal,A frog with all-purpose reins wrapped around its neck.,"TenComi Volume 35, Page 169",,,,,
Ruffed Swallow,Erimaki Tsubame,Animal,A swallow with all-purpose reins wrapped around its neck.,"TenComi Volume 35, Page 179",,,,,
El,,Young Man,"A young man serving the Mu Federation. To save the world from Poseidon's attack, Nobita and his friends joined El to infiltrate the Demon Rock Castle.","The Longest Novel Volume 4, Page 126",,,,,
Principal,Zoo Director,Zoo Director,"The director of the zoo Uncle Nobirou visited when little. During the war, she was ordered by a soldier to kill Hanao the elephant.","TenComi Volume 5, Page 181; FF Land Volume 9, Page 96; Complete Works Volume 4, Page 178",,,,,
Disk,UFO Enthusiast,UFO Enthusiast,A UFO enthusiast fooled by Suneo's false information and fake UFO photos.,"TenComi Volume 13, Page 170",,,,,
Lord Enma,Enma-Sama,Mythological Figure,"In a story about Suneo's great-grandmother, Lord Enma pulls out the tongues of liars in hell.","TenComi Volume 22, Page 35; FF Land Volume 32, Page 109; Complete Works Volume 7, Page 455",,,,,
Doctor (Medicine Makes You Sick),Doctor,Doctor,"After Nobita's body became cold from the medicine, his mother brought him to the doctor. Mom fainted seeing Nobita, who had turned into a ghost from too much medicine. The doctor ended up examining his mother, diagnosing her with needing complete bed rest.","FF Land Volume 7, Page 30; Complete Works Volume 4, Page 460",,,,,
Doctor (Pretending to Be Sick),Doctor,Doctor,"A doctor wearing glasses came for a check-up. When examining Nobita, who had taken swelling medicine, he panicked, saying I have never seen a disease like this before.","FF Land Volume 6, Page 140; Complete Works Volume 3, Page 163",,,,,
Royal Collector,,Collector,An old man who collected royal scepters due to the cat-snout virus epidemic. He was well-dressed in a double-breasted suit. A dated August 12th item sold for 2 million yen. He came to buy Nobita's bottle.,"TenComi Volume 9, Page 43; FF Land Volume 16, Page 19; Complete Works Volume 3, Page 575",,,,,
Golden Hat,,Dream Hero,Nobita's dream-time hero wearing a hat pulled low over his neck and a cape. He fights evil alongside Dryon.,"Long Series Volume 14, Page 6",,,,,
King,King,Ruler,The king of the Yumirume Kingdom ruling eighty cities. Their land is being taken over by Demon Emperor Odorome. He awaits the Silver Swordsman foretold in prophecy and struggles to control Princess Shizukaria.,"The Longest Novel Volume 14, Page 64",,,,,
Prince (Yume TV),Prince,Fictional Prince,"A prince in Shizuka's dream on Yume TV. Shizuka was kidnapped and imprisoned. When attacked by a bird-like monster, he appeared dramatically on a white horse. He threw long spears, pierced monsters, and defeated them. He ignored another prince (Nobita) and took Shizuka on his horse.","TenComi Volume 15, Page 11; FF Land Volume 20, Page 85; Complete Works Volume 6, Page 374",,,,,
Prince (Snow White Course),Prince,Fictional Prince,A prince in the Snow White course at Dreamersland. He chose Shizuka from seven Snow Whites and was beaten by the other six women.,"Long Series Volume 16, Page 99",,,,,
Prince (Little Mermaid),Prince,Fairy Tale Character,"The prince from The Little Mermaid. He was supposed to marry the neighboring princess, but Doraemon prevented this, and he married the mermaid princess instead.","TenComi Volume 19, Page 55; FF Land Volume 29, Page 136; Complete Works Volume 11, Page 132",,,,,
Ousenshu,Matsui-Senshu,Baseball Player,The player who hit the home run ball Suneo obtained. In TenComi he is called Matsui-senshu.,"FF Land Volume 7, Page 178; Complete Works Volume 5, Page 370",,,,,
Werewolf,,Mythical Creature,Nobita used werewolves as his essay subject. They transform when looking at the moon. Nobita said his mom's angry face is scarier.,"TenComi Volume 11, Page 43; FF Land Volume 13, Page 61; Complete Works Volume 7, Page 63",,,,,
Mr. Okawa,Okawa-San,Neighbor,A family living near Nobita's house went hiking.,"FF Land Volume 2, Page 176; Complete Works Volume 2, Page 372",,,,,
Big Alien,Large Alien,Space Alien,Aliens with bodies larger than humans. The piggy bank floated in space until Doraemon and Nobita found it using their Treasure Planet Exploration Rocket. He chased them away from the gold coins.,"FF Land Volume 32, Page 153; TenComi Volume 44, Page 179; Complete Works Volume 9, Page 473",,,,,
Ojiro,,Baby Ghost,"Q-taro's younger brother with a yellow, round body and single curly hair. Since it is a baby ghost, it mostly says Bakeratta. Note: This character is from Obake no Q-taro.","Complete Works Volume 20, Page 277",,,,,
Ota-San,Ota-San,Acquaintance,The person Nobita's dad entrusted his golf bag to.,"TenComi Volume 8, Page 187; TenComi Volume 34, Page 94; FF Land Volume 15, Page 97; FF Land Volume 42, Page 126; Complete Works Volume 3, Page 513; Complete Works Volume 14, Page 374",,,,,
Dashu Wangsuke,Oodoro Bosuke,Wanted Criminal,"A wanted fugitive with 53 robbery convictions in Akisu. He tried to sneak into Nobita's house. Photo details: Contour K-654, Nose S-027, Mayu T-109, Mouth B-33, Hairstyle M-778.","TenComi Volume 4, Page 70; FF Land Volume 9, Page 12; Complete Works Volume 3, Page 422",,,,,
Henchman of Oodoro Nozomu,Oodorobosuke's Henchman,Accomplice,"He hid with Nozomu Odoro, calling him big brother. He found the wanted poster and searched for his older brother.","TenComi Volume 4, Page 75; FF Land Volume 9, Page 17; Complete Works Volume 3, Page 427",,,,,
Shota Ohara,Ohara Shota,Manga Character,"A boy living with Q-taro in the manga Obake no Q-taro. His nickname is Sho-chan. Note: From Obake no Q-taro, not Doraemon.","Complete Works Volume 20, Page 276",,,,,
Master Painter,Ooyagahaku,Painter,A famous painter who appeared on television. An old friend of Nobita's dad.,"TenComi Volume 43, Page 170; Complete Works Volume 8, Page 630",,,,,
Nobuyo Oyama,,Voice Actress,"The voice actress of Doraemon from 1979-2005, mentioned in Doraemon story context.","TenComi Volume 24, Page 129; FF Land Volume 29, Page 103; Complete Works Volume 8, Page 543",,,,,
The Old Man Who Runs the Candy Shop,Old Candy Shop Owner,Shop Owner,"An old man chased his pet myna bird, still holding its cage, to an empty lot. The shop sells dorayaki.","FF Land Volume 13, Page 89; Color Volume 5, Page 78; Complete Works Volume 4, Page 100",,,,,
The Confectionery Shop Owner,Candy Shop Owner,Shop Owner,"The shop owner Nobita went to buy sweets for customers. When they saw Nobita transform into a cat after eating animal transformation biscuits, they were shocked and their jaws dropped.","TenComi Volume 1, Page 36; FF Land Volume 4, Page 86; Complete Works Volume 2, Page 510",,,,,
The Man Who Went to Borrow Money,Man Borrowing Money,Middle-Aged Man,"A middle-aged man went to borrow money at the bank. Fukuro-man saw him leaving and followed, promising protection. The man could not borrow money.","TenComi Volume 34, Page 42; FF Land Volume 30, Page 142; Complete Works Volume 10, Page 320",,,,,
Okame Mask,Okamekamen,Fictional Hero,A justice hero in Funyako Funyao's manga Lion Mask. Oshishi Mask's cousin appearing in the November issue.,"TenComi Volume 3, Page 16; FF Land Volume 4, Page 152; Complete Works Volume 1, Page 537",,,,,
Uncle from Okayama,Okayama Uncle,Family Member,Nobita's uncle sent kibi dango (millet dumplings).,"TenComi Volume 3, Page 174; FF Land Volume 9, Page 64; Complete Works Volume 2, Page 266",,,,,
Okiku,,Ghost Story Character,It appeared in a ghost story told by Gian at a gathering. The story is based on Bancho Sarayashiki.,"TenComi Volume 2, Page 30; FF Land Volume 5, Page 58; Complete Works Volume 1, Page 704",,,,,
Customer (Animal Transformation Biscuits),Customer,Customer,"Nobita's mom's customer. She ate four animal transformation biscuits and transformed into a horse, chicken, monkey, and frog. Nobita called her glutton. Mom nearly saw the transformations, but Doraemon stopped her.","TenComi Volume 1, Page 34; FF Land Volume 4, Page 84; TenComi Volume 37, Page 103; FF Land Volume 45, Page 147; Complete Works Volume 2, Page 508; Complete Works Volume 11, Page 188",,,,,
Customer (Substitute Pendant),Customer,Customer,"Nobita's mom's customer, a woman wearing glasses. Mom had an errand and Nobita changed appearance using the Substitute Pendant to take over. Nobita transformed into Shizuka then another man. Customers were shocked. Upon seeing a faded photo of Mom, the customer fainted.","FF Land Volume 17, Page 80; Complete Works Volume 5, Page 70",,,,,
Customer (Disaster Training Machine),Customer,Customer,"Nobita's mom's customer, a well-dressed man in suit and top hat. When Mom was out, he house-sat. A disaster training machine caused fire, earthquake, flood, and lightning. He cried, refused to stay, spread a cushion at the door, and waited sipping tea.","TenComi Volume 11, Page 74; FF Land Volume 14, Page 166; Complete Works Volume 5, Page 84",,,,,
Customer (Habit-Correcting Gas),Customer,Customer of Dad,"Nobita's dad's customer wearing glasses and suit. He was affected by Nobita's boogers, Mom's elongated tongue, and Dad's leg shaking via habit-correcting gas.","TenComi Volume 7, Page 113; FF Land Volume 10, Page 179; Complete Works Volume 3, Page 475",,,,,
Customer (Wall-Passing Magic),Customer,Customer,"Nobita's mom's customer with glasses, suit, and mustache. Following Doraemon's instructions via Wall-Passing Magic, he bumped into a wall and fainted. When trying to eat sweets, Doraemon appeared through the table, shocking him again.","Complete Works Volume 3, Page 80",,,,,
Wife (Athletic House),Wife,Customer,Nobita's mom's customer who became a victim of the Athletic House.,"TenComi Volume 19, Page 7; FF Land Volume 22, Page 79; Complete Works Volume 9, Page 244",,,,,
Wife (Donbura Powder),Wife,Customer,"Nobita's mom's customer chatting in the living room. She saw Nobita fall from the ceiling via Donbura Powder, then saw him swimming out and imitated him by swimming there.","TenComi Volume 12, Page 98; Complete Works Volume 6, Page 258",,,,,
Peter O'Connor,,Documenter,This character appeared in materials for the Nessie debate. Peter took a picture of Nessie.,"TenComi Volume 6, Page 127",,,,,
Monkey,,Animal,"While Shizuka danced ballet to Soran Bushi, a monkey snatched the fluffy obi and ran away. He was surprised to float mid-air and let go of the Fluffy Belt.","TenComi Volume 2, Page 73; FF Land Volume 8, Page 99; Complete Works Volume 5, Page 103",,,,,
Grandfather (Peach Boat),Grandpa,Old Man,"The old man picked up Nobita's Peach Boat and cut open a peach. Hearing Nobita would defeat ogres at Onigashima, he bestowed family armor and sword.","TenComi Volume 9, Page 177; FF Land Volume 19, Page 27; Complete Works Volume 5, Page 263",,,,,
Pushy Salesman,Oshiuri,Salesman,A pushy salesman came to Gian's house. They were chased away to Gian's house where Gian had been turned into a robot by House Robot.,"TenComi Volume 17, Page 131; FF Land Volume 20, Page 149; Complete Works Volume 7, Page 297",,,,,
Uncle (Shizuka's Uncle),Uncle,Relative,Shizuka's uncle who met her for the first time in 6 years.,"TenComi Volume 30, Page 118; FF Land Volume 38, Page 96; Complete Works Volume 12, Page 348",,,,,
Uncle (Forgot New Year's Money),Uncle,Family Member,"Nobita's uncle visited during New Year, drank with Dad, forgot to give Nobita 3,000 yen, then remembered and gave it.","Complete Works Volume 10, Page 435",,,,,
Uncle (Reluctantly Gives Money),Uncle,Family Member,A stingy uncle who reluctantly gave New Year money thanks to a trick.,"TenComi Volume 32, Page 119; FF Land Volume 40, Page 107; Complete Works Volume 10, Page 501",,,,,
Uncle (Never Gives Money),Uncle,Family Member,Nobita's stingiest uncle who eats and drinks at the Nobi house yearly but never gives New Year money.,"Complete Works Volume 10, Page 439",,,,,
Uncle (Car Loan),Uncle,Family Member,"Nobita's dad's younger brother bought a car and golf clubs on loan, then came to Nobita's dad for money when payments became difficult.","TenComi Volume 4, Page 81; FF Land Volume 9, Page 45; Plus Volume 5, Page 10; Complete Works Volume 1, Page 663; Complete Works Volume 12, Page 574",,,,,
Uncle (Persimmon Tree),Uncle,Family Member,Nobita's dad's younger brother told the story of the mysterious persimmon tree.,"TenComi Volume 34, Page 68; FF Land Volume 42, Page 100; Complete Works Volume 11, Page 702",,,,,
Uncle (Year of Rat Money),Uncle,Family Member,Nobita's uncle giving New Year money in the Year of the Rat.,"TenComi Volume 16, Page 66",,,,,
Uncle (Picture Book Gift),Uncle,Family Member,The uncle who gave Nobita a picture book as a gift. Nobita wrote a thank-you letter using the Model Letter Pen.,"TenComi Volume 23, Page 15; FF Land Volume 35, Page 71; Complete Works Volume 7, Page 535",,,,,
Uncle (Pen Set Gift),Uncle,Family Member,The uncle who gave Nobita a ballpoint pen and mechanical pencil set.,"TenComi Volume 23, Page 94; FF Land Volume 35, Page 16; Complete Works Volume 8, Page 568",,,,,
Uncle (Mother's Sibling),Uncle,Family Member,Nobita's mother's sibling who was home when Nobita's grandmother collapsed.,"FF Land Volume 30, Page 132; Plus Volume 1, Page 14; Complete Works Volume 12, Page 190",,,,,
Uncle (Pocket Money),Uncle,Family Member,Nobita's uncle giving pocket money.,"TenComi Volume 18, Page 158; TenComi Volume 27, Page 66; FF Land Volume 28, Page 64; FF Land Volume 28, Page 67; Complete Works Volume 9, Page 303; Complete Works Volume 9, Page 306",,,,,
Uncle (1000 Yen Pocket Money),Uncle,Family Member,"Nobita's uncle giving 1,000 yen pocket money.","FF Land Volume 5, Page 150; Plus Volume 1, Page 24; Complete Works Volume 5, Page 518",,,,,
Uncle (New Year on Way to Shizuka),Uncle,Family Member,Nobita's uncle meeting Nobita on his way to Shizuka's house and giving New Year money.,"TenComi Volume 20, Page 144; FF Land Volume 24, Page 76; Complete Works Volume 6, Page 214",,,,,
Oshishi Mask,Oshikamen,Fictional Hero,"A justice hero in Lion Mask manga. The younger brother of Lion Mask. To rescue his brother, he infiltrated Darkness Gang headquarters but was captured.","TenComi Volume 3, Page 11; FF Land Volume 4, Page 147; Complete Works Volume 1, Page 532",,,,,
Lost Little Girl,Little Girl,Lost Child,A lost girl was safely found using an automatic return shipping label.,"TenComi Volume 34, Page 99; FF Land Volume 42, Page 131; Complete Works Volume 14, Page 379",,,,,
Castle Ball Girl,Created Girl,Created Girl,A girl from another world created with the Creation Set. She asked Shizuka to bring out the pumpkin carriage.,"The Longest Series Volume 15, Page 147",,,,,
Ochime Dojiro,Ochime Dojirou,Handsome Star,A handsome star pursuing Sumire Hoshino. The wolf was startled by Nobita's shadow puppet and ran away.,"TenComi Volume 19, Page 132; TenComi Volume 24, Page 114; FF Land Volume 31, Page 140; FF Land Volume 33, Page 120; Complete Works Volume 7, Page 552; Complete Works Volume 8, Page 516",,,,,
Princess Otto,Ottohime,Dragon Palace Princess,The princess of the Dragon Palace at the ocean bottom. She is a descendant of the continent of Mu.,"TenComi Volume 25, Page 163; FF Land Volume 27, Page 22; Complete Works Volume 10, Page 373",,,,,
Lost Item Returner,Honest Person,Honest Person,The person who brought a trunk to the police station. The police officer felt nostalgic and suggested staying overnight.,"TenComi Volume 30, Page 118; FF Land Volume 38, Page 96; Complete Works Volume 12, Page 348",,,,,
Ototo Bird,Ototodori,Bird,A bird living on planet Koya Koya that can fly through outer space.,"The Longest Novel Volume 2, Page 126",,,,,
Otsunashi-San,Otonashisan,Quiet Girl,"A quiet acquaintance of Nobita's with polite, refined manners.","FF Land Volume 10, Page 185; Complete Works Volume 4, Page 321; Plus Volume 6, Page 84",,,,,
Ghost (Mount Oi),Demon,Demon,A large demon living on Mount Oi with two horns and a metal club.,"The Longest Series Volume 15, Page 135",,,,,
Ghost (Onigashima),Demon,Demon,"A giant on Onigashima Island with fiery red hair, two horns, dead-fish eyes, and a tengu-like nose. He feeds on animal flesh and drinks blood. His true identity was a Dutch captain stranded in Japan.","TenComi Volume 9, Page 172; FF Land Volume 19, Page 22; Complete Works Volume 5, Page 258",,,,,
Big Brother,,Bully,A boy bullied by Gian and Suneo who bullied Nobita out of spite.,"FF Land Volume 1, Page 35; Complete Works Volume 1, Page 45",,,,,
Big Brother's Younger Sister,,Child,The younger sister wanted to see her older brother's strong side.,"FF Land Volume 1, Page 44; Complete Works Volume 1, Page 54",,,,,
Big Brother's Younger Brother,,Child,The younger brother wanted to see his older brother's strong side.,"FF Land Volume 1, Page 44; Complete Works Volume 1, Page 54",,,,,
Oni-Baba,Onibaba,Traditional Ghost,It appeared in a ghost story told by Shizuka at Gian's gathering.,"TenComi Volume 2, Page 30; FF Land Volume 5, Page 58; Complete Works Volume 1, Page 704",,,,,
Will-O'-The-Wisp,Onibi,Fireball Ghost,Nobita summoned the fireball ghost for Assorted Ghosts. He used it as a flashlight during a test of courage. Gian and Suneo were terrified and ran away.,"TenComi Volume 31, Page 32; FF Land Volume 27, Page 70; Complete Works Volume 10, Page 386",,,,,
Grandma (Crosswalk Helper),Grandma,Older Woman,An elderly woman had difficulty crossing a street without traffic lights. Doraemon used the Pocket Traffic Light to stop cars.,"Color Volume 4, Page 20; Complete Works Volume 15, Page 86",,,,,
Grandma (Scary Story Teller),Grandma,Story Character,She appeared in a scary story Nobita's mom told. An old woman who lives alone in the mountains.,"TenComi Volume 2, Page 27; FF Land Volume 5, Page 55; Complete Works Volume 1, Page 701",,,,,
Grandma (Momotaro Helper),Grandma,Helper,"The old woman picked up the Peach Boat, cut a peach, named Momotaro, and gave him millet dumplings for his journey to Onigashima.","TenComi Volume 9, Page 177; FF Land Volume 19, Page 27; Complete Works Volume 5, Page 263",,,,,
Ghost Squid,Ghost Squid,Sea Monster,A 30-meter giant squid that punctured and destroyed a tent apartment capable of withstanding deep-sea pressure.,"The Epic Volume 4, Page 50",,,,,
O-Taro the Bald,Ohage no Otaro,Manga Character,"A character on a notebook Nobita bought. Resembling Obake no Q-taro but completely bald with no hair. Popular 20 years ago in the Doraemon universe, the notebook cost 10 yen.","TenComi Volume 28, Page 151",,,,,
Aunt (Furoshiki),Auntie,Family Member,Nobita's aunt brought back fruit using her souvenir furoshiki.,"TenComi Volume 34, Page 74; FF Land Volume 24, Page 109; TenComi Volume 37, Page 62; FF Land Volume 42, Page 106; FF Land Volume 45, Page 106; Complete Works Volume 8, Page 382; Complete Works Volume 13, Page 91; Complete Works Volume 14, Page 195",,,,,
Aunt (Sewashi Letter),Auntie,Family Member,The wife of the uncle to whom Nobita delivered a letter. Sewashi brought the letter and someone brought food.,"FF Land Volume 1, Page 164; Complete Works Volume 2, Page 18",,,,,
Aunt (New Year Money),Auntie,Family Member,An aunt who often comes during New Year and gives money. She has a son she sometimes brings along.,"FF Land Volume 7, Page 4; TenComi Volume 36, Page 23; FF Land Volume 44, Page 51; Complete Works Volume 8, Page 225; Complete Works Volume 9, Page 669; Complete Works Volume 10, Page 437",,,,,
Aunt's Child,Auntie's Child,Family Member,The aunt's son visiting for New Year. He had met Nobita before and flew a kite with him in the vacant lot.,"FF Land Volume 7, Page 4; Complete Works Volume 8, Page 225",,,,,
Flower Arrangement Teacher,Ohana Sensei,Teacher,Nobita's mom's flower arrangement teacher.,"TenComi Volume 28, Page 114; TenComi Volume 36, Page 51; FF Land Volume 35, Page 162; FF Land Volume 44, Page 79; Plus Volume 3, Page 119; Complete Works Volume 11, Page 508; Complete Works Volume 12, Page 667; Complete Works Volume 14, Page 516",,,,,
Noriko Ohara,,Voice Actress,"The voice actress of Nobita Nobi from 1979-2005, mentioned in Doraemon story context.","TenComi Volume 24, Page 129; FF Land Volume 29, Page 103; Complete Works Volume 8, Page 543",,,,,
Boy Who Almost Drowned,Boy Drowning,Child,"A boy fell into a river pulling a toy. He wore a sensory transmission antenna Nobita threw, allowing Nobita to sense the drowning. Nobita and Doraemon rescued him.","TenComi Volume 37, Page 30; FF Land Volume 45, Page 74; Complete Works Volume 14, Page 326",,,,,
Girl Who Almost Drowned,Girl Drowning,Child,"A girl nearly drowned in a river. Nobita rescued her with the long lasso. She had seen Suneo using the lasso, so Nobita was suspected of pranking.","TenComi Volume 16, Page 79; FF Land Volume 18, Page 34; Complete Works Volume 8, Page 148",,,,,
Drowning Boy,Boy in Water,Child,"A boy was drowning in an area. Two children nearby shouted for help. A 3D Copy Paper Nobita made floated like a life preserver, helping the child reach shore.","TenComi Volume 13, Page 167; FF Land Volume 15, Page 172; Complete Works Volume 7, Page 60",,,,,
Ant About to Drown,Drowning Ant,Animal,"The Animal Transformation Gratitude Potion container tipped over, and four ants nearly drowned in the spilled liquid. In retaliation, an ant carried Nobita and pushed him into the river.","TenComi Volume 35, Page 111; FF Land Volume 44, Page 145; Complete Works Volume 12, Page 533",,,,,
Boy Playing Store,Shopkeeper Boy,Child,A little boy pretended to be a shopkeeper using leaves as money while a girl shopped. The boy sold video games.,"Color Volume 6, Page 133; Complete Works Volume 10, Page 150",,,,,
Girl Playing Store,Shopkeeper Girl,Child,A little girl pretended to be a shopkeeper using stones as merchandise while a boy shopped. She sold video games.,"Color Volume 6, Page 134; Complete Works Volume 10, Page 151",,,,,
Wife With Flying Carpet,Flying Carpet Wife,Customer,"The wife of an acquaintance invited to Nobita's home. Sitting on a flying carpet cushion, when she said I came flying, she was sent flying through the air.","TenComi Volume 29, Page 132; FF Land Volume 37, Page 76; Complete Works Volume 11, Page 566",,,,,
Oyagumo,Parent Cloud,Creature,"Nobita captured a flying cloud. At Gian's house, the cloud returned, shattered the glass, and went back to the sky","FF Land Volume 29, Page 78; Color Volume 4, Page 143; Complete Works Volume 12, Page 107",,,,,
Thumbelina,Oyayubitom,Fictional Character,A fictional character egg that came out of the egg. It retrieved the stamp Nobita's mom dropped behind the dresser.,"TenComi Volume 40, Page 45",,,,,
Dutch Captain,Dutch Captain,Historical Figure,A Dutch captain whose ship sank while sailing to Spain. The crew drifted ashore in Japan. Villagers mistook him for a demon because they had never seen a European. He lived on Onigashima Island.,"TenComi Volume 9, Page 183; FF Land Volume 19, Page 33; Complete Works Volume 5, Page 269",,,,,
Skeleton Ghost,Skeleton Ghost,Supernatural Being,"Doraemon used his Ghost Detector to find an old well where this skeleton ghost lived. Made of only bones, it could fly. It lived quietly believing no one feared ghosts anymore. Doraemon persuaded it to scare Suneo, but Suneo's dog took its shinbone, and it returned home in tears.","FF Land Volume 1, Page 50; Color Volume 5, Page 18; Complete Works Volume 2, Page 59",,,,,
Lantern Ghost,Lantern Ghost,Supernatural Being,Doraemon used his Ghost Detector to find an old well where this lantern ghost lived. It has a mouth and glows faintly.,"FF Land Volume 1, Page 50; Color Volume 5, Page 18; Complete Works Volume 2, Page 59",,,,,
Noppera-Bo,Faceless Ghost,Supernatural Being,"Doraemon used his Ghost Detector to find an old well where this faceless ghost lived. It has no eyes and a smooth face, and can fly. It lived quietly believing no one feared ghosts anymore. Doraemon persuaded it to scare Suneo, but Suneo drew on its face.","FF Land Volume 1, Page 50; Color Volume 5, Page 18; Complete Works Volume 2, Page 59",,,,,
,,,,,,,,,
President Carter,Jimmy Carter,Character,The 39th President of the United States. Nobita saw him from home using the Omnipotent Glasses.,"FF Land Volume 25, Page 123; Plus Volume 4, Page 169; Complete Works Volume 9, Page 413",,,,,
Skeleton,,Character,A bone specimen in the school science room. Given life by Uki's Screw of Life.,"Long Series Volume 17, Page 46",,,,,
Monster (Real Original Machine),,Character,"A monster drawn from the Monster Encyclopedia using the Real Original Machine. Has three eyes, six legs, a spider-like shape, and large teeth.","FF Land Volume 28, Page 101; Color Volume 3, Page 77; Complete Works Volume 13, Page 42",,,,,
Monster (Gian's Doll),,Character,"A monster doll held by Gian. Activated by the Real Light, it attacked its owner Gian with fire. Crushed by Nobita's Bulltra-man. Its cry is 'Gao-on'.","Complete Works Volume 5, Page 20",,,,,
Monster (Dream),,Character,A huge monster Nobita saw in a dream while sleeping on the Dream Pillow. He worried about what would happen if the dream became reality. It was actually a costume being filmed nearby; the person inside came to borrow Nobita's toilet.,"Complete Works Volume 6, Page 29",,,,,
Possession Doll,,Character,A doll Kowaru-kun received from aliens that allows possession. Kowaru possessed it to rescue a collapsed foreigner in the vacant lot.,"TenComi Volume 9, Page 163; FF Land Volume 19, Page 13; Complete Works Volume 5, Page 249",,,,,
Twenty-Faced Villain (Ishikawa Goemon),,Character,The true identity of Ishikawa Goemon.,"TenComi Volume 1, Page 94; FF Land Volume 3, Page 89; Complete Works Volume 1, Page 209",,,,,
Twenty-Faced Thief,,Literary Character,A master thief from Edogawa Ranpo's novels. Nobita compared himself to this character when stealing a book using the Devil's Passport. Frequently referenced as an example of a skillful thief.,"TenComi Volume 13, Page 141; TenComi Volume 32, Page 175; FF Land Volume 17, Page 51; FF Land Volume 40, Page 67; Complete Works Volume 6, Page 251; Complete Works Volume 11, Page 487; Complete Works Volume 13, Page 326",,,,,
Pirate (Galaxy Express),,Character,"A pirate extra on the Galaxy Super Express. Had a hairy, fearsome face and swung a sword. Attacked Suneo in his room. Dialogue: 'War, kyaa, hyee, gotsonko'.","Long Series Volume 16, Page 42",,,,,
Pirate Kid,William Kidd,Character,"William Kidd, a privateer ship captain who became famous as a pirate. Said to have buried treasure on a southern island. [Ref: Captain Kid].","TenComi Volume 17, Page 173; FF Land Volume 23, Page 9; FF Land Volume 26, Page 163; TenComi Volume 45, Page 31; Color Volume 6, Page 7; Complete Works Volume 6, Page 512; Complete Works Volume 9, Page 182; Complete Works Volume 11, Page 259",,,,,
Arsène Lupin,,Character,"A famous thief who emerged from the Imaginary Person Egg. Disguised as a police officer, he recovered Nobita's kendama from Gian.","TenComi Volume 40, Page 48",,,,,
Mountain Monster,,Character,"Said to live on a northern snow mountain. According to Nonbi's friend's grandfather, it occasionally comes south to eat humans.","Long Series Volume 15, Page 63",,,,,
Monster-kun,,Character,"The prince of Monster Land. While flying on a broomstick, he was pulled to the Anything Airport and landed there.","TenComi Volume 32, Page 93; FF Land Volume 33, Page 58; Complete Works Volume 13, Page 140; Complete Works Volume 14, Page 84",,,,,
House Inspector,,Character,A guest called by Nobita's mom because the house had deteriorated in various places. Came to inspect.,"TenComi Volume 21, Page 140; FF Land Volume 29, Page 64; Complete Works Volume 12, Page 93",,,,,
Scientist,,Character,A scientist who despaired of humanity and created Amu and Iimu aiming to build a heaven-like society.,"Long Series Volume 7, Page 193",,,,,
Clerk,,Character,"An employee at Gunsmoke City on Dreamersland's Western Star. Organized a shooting contest for sheriff recruitment. An elderly man with glasses. Shot by Jane during the contest. Dialogue: 'You hit me, so you're disqualified!!'","Long Series Volume 16, Page 75",,,,,
Kakiemon,,Character,"The name inherited by Edo-period pottery artist Sakaida Kakiemon and his successors. Nobita's dad was considering purchasing a Kakiemon pot, and a real one was being borrowed at home.","Plus Volume 4, Page 26",,,,,
Kakikukeko,,Character,"A person Shizuka read aloud to test Nobita, who had memorized the phone book using Memory Bread. Listed at the top of the phone book's gojūon section. Phone number is 999-………","TenComi Volume 2, Page 10; FF Land Volume 7, Page 91; Complete Works Volume 3, Page 239",,,,,
Gang Leader,,Character,A tall elementary student Nobita bumped into. Grabbed Nobita's collar and dragged him to an alley to punch him.,"Complete Works Volume 13, Page 501",,,,,
Gang Leader's Companion,,Character,A glasses-wearing elementary student accompanying the Gang Leader. Helped drag Nobita to the alley to punch him.,"Complete Works Volume 13, Page 501",,,,,
Persimmon Tree Old Man,,Character,"An old man who planted a persimmon tree in his yard. Many persimmons grew, but he was troubled by Gian and Suneo stealing them.","FF Land Volume 11, Page 178; Complete Works Volume 5, Page 167",,,,,
Kihara Sensei,,Character,A Western-style painter Nobita's dad studied under. Once lived poorly in a rundown apartment called Rakumokusō but is now famous and appears in newspapers and magazines.,"TenComi Volume 6, Page 58; TenComi Volume 11, Page 126; FF Land Volume 6, Page 172; FF Land Volume 14, Page 18; Complete Works Volume 2, Page 330; Complete Works Volume 6, Page 231",,,,,
Kihara Sensei's Wife,,Character,The wife who welcomed Nobita's dad when he visited Kihara Sensei's home. Served homemade ohagi.,"TenComi Volume 11, Page 126; FF Land Volume 14, Page 18; Complete Works Volume 6, Page 231",,,,,
Student (Asahisō),,Character,"A college student living at Asahisō. Famous locally as a scary student. Silent; mercilessly attacks anyone he considers an enemy. Threw the landlord collecting rent out of a second-floor window. His speech consists of 'Gogaa', 'Uoh', and 'Gao'. Quote: 'He's not someone you can talk to.'","FF Land Volume 7, Page 179; TenComi Volume 45, Page 134; Complete Works Volume 5, Page 371",,,,,
Kaguya,,Character,A girl robot Nobita created with the Kaguya Robot. She became the adopted daughter of the Moon-form family.,"TenComi Volume 37, Page 109; FF Land Volume 45, Page 153; Complete Works Volume 11, Page 645",,,,,
Cliff Bottom-san,,Character,Lives below the cliff where Nobita was excavating dinosaur fossils. Troubled by mud falling onto his roof and garden from Nobita's digging. Punished Nobita by making him dig a hole to bury trash.,"TenComi Volume 10, Page 167; Long Series Volume 1, Page 8; Complete Works Volume 20, Page 131",,,,,
Qasim,,Character,The leader of the thief gang known as the Scorpion Guild. Hijacked Nobita's group's ship to flee abroad. Planned to steal the Golden Palace after learning about it from Abzil.,"Long Series Volume 11, Page 61",,,,,
Kazu-kun,,Character,A boy living near Nobita's house. Keeps a dog named Hiro.,"FF Land Volume 14, Page 184; Complete Works Volume 7, Page 282; Plus Volume 6, Page 162",,,,,
Gas Bill Collector,,Character,A man collecting the gas bill at the teacher's room. Hit by the teacher's Cupid Arrow. Entered the room with shoes on and chased the teacher demanding marriage.,"TenComi Volume 3, Page 121; FF Land Volume 3, Page 74; Complete Works Volume 1, Page 194",,,,,
Kataoka Tamao,,Character,Nobita's uncle and his mom's younger brother. Timid by nature; could not confess his feelings to his crush until he used the Honest Tarō. Currently works in car sales.,"TenComi Volume 2, Page 59; TenComi Volume 32, Page 130; FF Land Volume 14, Page 143; FF Land Volume 42, Page 60; Complete Works Volume 4, Page 188; Complete Works Volume 11, Page 546",,,,,
Kataoka Tamako,,Character,The maiden name of Nobita's mother (Nobi Tamako).,"TenComi Volume 1, Page 144; TenComi Volume 7, Page 66; FF Land Volume 3, Page 142; FF Land Volume 10, Page 84; TenComi Volume 43, Page 180; Complete Works Volume 1, Page 594; Complete Works Volume 1, Page 682; Complete Works Volume 8, Page 640",,,,,
Katakura-kun's Father,,Character,Katakura Saburō's father. His occupation is scholar.,"TenComi Volume 4, Page 22; FF Land Volume 4, Page 172; Complete Works Volume 3, Page 140",,,,,
Katakura Saburō,,Character,"A frequently appearing friend of Nobita. Called out by Suneo, who had been scared by Nobita's ghost while watching TV. Also got angry at Nobita's shadow (cut by the Shadow-keeping Scissors) for not saying anything on the phone. Dialogue: 'Why don't you say anything!!'","TenComi Volume 1, Page 116; TenComi Volume 4, Page 22; TenComi Volume 5, Page 64; TenComi Volume 7, Page 160; TenComi Volume 11, Page 85; TenComi Volume 23, Page 54; FF Land Volume 4, Page 24; FF Land Volume 4, Page 172; FF Land Volume 6, Page 98; FF Land Volume 10, Page 74; FF Land Volume 12, Page 127; FF Land Volume 31, Page 127; Complete Works Volume 1, Page 84; Complete Works Volume 1, Page 466; Complete Works Volume 1, Page 544; Complete Works Volume 3, Page 140; Complete Works Volume 3, Page 338; Complete Works Volume 5, Page 349; Complete Works Volume 11, Page 310",,,,,
Gachako,,Character,"Another robot Sewashi-kun brought to help Nobita. About 80cm tall, bird-shaped with large eyes and eyelashes. Impatient and clumsy. Has strong rivalry with Doraemon and tries to outdo him helping Nobita but fails often. Can fly without the Take-copter.","Complete Works Volume 2, Page 50; Complete Works Volume 3, Page 21; Complete Works Volume 3, Page 29; Complete Works Volume 3, Page 37; Complete Works Volume 3, Page 70",,,,,
Section Chief,,Character,"Nobita's dad's section chief. Loves alcohol and frequently invites dad out drinking. Sideburns shaved, mustache under his nose.","FF Land Volume 2, Page 106; Plus Volume 2, Page 142; Complete Works Volume 1, Page 712",,,,,
School Neighbor Boy,,Character,"A classmate of Nobita's. His house is next to the school, and he has never been late.","TenComi Volume 9, Page 101; FF Land Volume 18, Page 150; Complete Works Volume 8, Page 15",,,,,
Gakkō Mask,,Character,A study ally who came to Nobita's house. Wears headgear with '文' written on the forehead and a scholarly outfit. His true identity is Nobita from middle school.,"TenComi Volume 33, Page 160; FF Land Volume 41, Page 138; Complete Works Volume 13, Page 454",,,,,
Private Tutor,,Character,Shizuka's private tutor. A handsome college student; Shizuka thinks he might become her husband.,"FF Land Volume 4, Page 113; Complete Works Volume 4, Page 487; Plus Volume 6, Page 21",,,,,
Kaneo Tameru,,Character,"A male friend of Nobita. Had 91,800 yen taken by the Tax Bird.","TenComi Volume 22, Page 158; FF Land Volume 25, Page 54; Complete Works Volume 9, Page 360",,,,,
Kanehara-san,,Character,A person stranded for 7 days at Takayasan. Asked Nobita's family for help but bad luck initially prevented rescue. Was buried inside a snowman; finally escaped when the snowman was moved to Nobita's garden.,"TenComi Volume 7, Page 181",,,,,
Kanemitsu,,Character,Kanemitsu Kaneko's father. Tried to make Nobita's dad a famous painter using money and connections but was refused.,"TenComi Volume 43, Page 178; Complete Works Volume 8, Page 638",,,,,
Kanemitsu Kaneko,,Character,Nobita's dad's ex-fiancée. The engagement was called off by Nobita's dad.,"TenComi Volume 43, Page 170; Complete Works Volume 8, Page 630",,,,,
Kabakichi Kabata,,Character,A guide at Fujiyama Time Tourism Inc. Responsible for Tōkyō AX District 307. Holds the title of First-Class Guide.,"Complete Works Volume 1, Page 272",,,,,
Kabashima Dekako,,Character,A girl who appeared from the Girlfriend Catalog Maker. Will meet Nobita by age 25.,"TenComi Volume 18, Page 145; FF Land Volume 24, Page 157; Complete Works Volume 6, Page 459",,,,,
Kabata,,Character,Nobitaro's male friend.,"TenComi Volume 4, Page 48; Complete Works Volume 20, Page 354; Complete Works Volume 20, Page 384",,,,,
Kabata's Mom,,Character,"Kabata's mother. Woken up at night by Nobitaro, who mistook their house for the Zuruki family's.","TenComi Volume 6, Page 137; Complete Works Volume 20, Page 386",,,,,
Paper Storyteller,,Character,A paper storytelling man who appeared when Nobita's mom was playing bride as a child. The story was Golden Bat.,"TenComi Volume 7, Page 71; FF Land Volume 10, Page 89; Complete Works Volume 1, Page 687",,,,,
Kaminari-san,,Character,A scary old man living near the vacant lot. Became close friends with Nobita via the Friend Ring. Has a relative named Mizue.,"TenComi Volume 25, Page 79; TenComi Volume 27, Page 121; TenComi Volume 33, Page 118; Long Series Volume 3, Page 71; FF Land Volume 26, Page 41; TenComi Volume 38, Page 65; TenComi Volume 38, Page 140; Long Series Volume 8, Page 46; FF Land Volume 36, Page 121; FF Land Volume 41, Page 105; Color Volume 2, Page 111; Color Volume 4, Page 23; Color Volume 4, Page 156; Plus Volume 3, Page 71; Complete Works Volume 9, Page 417; Complete Works Volume 11, Page 18; Complete Works Volume 11, Page 505; Complete Works Volume 12, Page 641; Complete Works Volume 13, Page 235; Complete Works Volume 13, Page 402; Complete Works Volume 13, Page 646; Complete Works Volume 14, Page 83; Complete Works Volume 14, Page 183; Complete Works Volume 14, Page 347; Complete Works Volume 15, Page 24; Complete Works Volume 15, Page 89",,,,,
Kamekichi,,Character,The son of the café Ryūgū. Rescued from Gian's bullying by Nobita.,"TenComi Volume 3, Page 179; FF Land Volume 9, Page 69; Complete Works Volume 2, Page 271",,,,,
Kame Rider,,Character,A character whose related merchandise Gian collects.,"TenComi Volume 28, Page 149",,,,,
Kamogawa Tsubame,,Character,"A popular manga artist who appeared in a survey about favorite manga artists conducted among Nobita's friends. In newer TenComi editions, replaced with Toriyama Akira (confirmed in TenComi Vol 17, 2004 printing).","TenComi Volume 17, Page 32; FF Land Volume 28, Page 52; Complete Works Volume 6, Page 450",,,,,
Kamoran,,Character,A person living next to Roppuru.,"Long Series Volume 2, Page 49",,,,,
Kayo-chan,,Character,"A girl who fell for Nobita due to the Show-off Popularity Badge. Clung to Nobita and wouldn't let go. Shizuka's reaction was simply 'Oh, hello.'","FF Land Volume 34, Page 28; Plus Volume 3, Page 40; Complete Works Volume 8, Page 552",,,,,
Kayo-chan's Boyfriend,,Character,Kayo-chan's boyfriend who rushed over upon seeing her clinging to Nobita. Punched Nobita in the face.,"FF Land Volume 34, Page 29; Plus Volume 3, Page 41; Complete Works Volume 8, Page 553",,,,,
Parasol Imp,,Character,"A ghost summoned by Doraemon using the Assorted Ghosts. Handed an umbrella to Nobita's mom, who was going shopping without one.","TenComi Volume 31, Page 27; FF Land Volume 27, Page 65; Complete Works Volume 10, Page 381",,,,,
Karateka,,Character,A male karate expert on a TV program. Shattered five stacked bricks with a knife-hand strike. His trained hands are as hard as iron.,"FF Land Volume 12, Page 188; Complete Works Volume 9, Page 40",,,,,
Rude Students,,Character,"Two students Gian and Suneo bumped into. Demanded apology money and took them to the vacant lot for violence. Because Nobita was set to win via the Win-Win Camera, Nobita threw them.","TenComi Volume 22, Page 22; FF Land Volume 28, Page 120; Complete Works Volume 12, Page 144",,,,,
Galion Bricken Duke,,Character,A scientist from Chamocha Star and Sapio's father. Noticed the danger of Professor Napogistora's Imecon and advised King Unluck to halt its use. Left inventions in the Blīkin Island underground labyrinth to prepare against Napogistora's rebellion.,"Long Series Volume 13, Page 90",,,,,
Gulliver,,Character,A character from the Gulliver's Travels picture book Nobita borrowed from a little girl.,"TenComi Volume 36, Page 25; FF Land Volume 44, Page 53; Complete Works Volume 11, Page 687",,,,,
Gulliver Book Lender Girl,,Character,"A girl who lent Gulliver's Travels to Nobita. Has a large ribbon at her waist. Walked to Nobita's house, so likely lives nearby. Calls Nobita 'Nobita-oniichan.'","TenComi Volume 36, Page 25; FF Land Volume 44, Page 53; Complete Works Volume 11, Page 687",,,,,
Gariben-kun,,Character,A classmate of Nobita's ranked 2nd academically. Cannot beat Dekisugi-kun; was caught making prank calls every night by Nobita's group.,"TenComi Volume 30, Page 55; FF Land Volume 39, Page 41; Complete Works Volume 11, Page 631",,,,,
Gallery Owner,,Character,A middle-aged gallery operator. Recognized the excellence of a painter's artwork and came to purchase it.,"TenComi Volume 18, Page 93; FF Land Volume 28, Page 35; Complete Works Volume 8, Page 395",,,,,
Cute Puppy Girl,,Character,A girl who received a cute puppy; showed it to Gian and others invited by Nobita.,"FF Land Volume 32, Page 123; Plus Volume 3, Page 155; Complete Works Volume 8, Page 401",,,,,
Kawai Inako,,Character,A tall girl rumored to be the most beautiful in the neighboring class. Suneo apparently wants to marry her someday.,"TenComi Volume 18, Page 141; FF Land Volume 24, Page 153; Complete Works Volume 6, Page 455",,,,,
Kawai Kawai,,Character,"A popular female star Nobita is a huge fan of. Talked for about an hour via the Fiction Call Adapter. Nobita was so excited his face turned red, his tongue hung out, and his eyes became heart-shaped.","FF Land Volume 5, Page 78; Plus Volume 5, Page 116; Complete Works Volume 5, Page 512",,,,,
Kawai Sayuri,,Character,A female entertainer engaged to Tsukimi Shingo. Their relationship was rumored in Weekly Star magazine.,"Color Volume 2, Page 74",,,,,
Kawai Masahiko,,Character,Engaged to Tahara Seiko.,"TenComi Volume 25, Page 169; FF Land Volume 31, Page 35; Complete Works Volume 11, Page 377",,,,,
Kawaguchi,,Character,Nobita's friend. Nobita suggested Kawaguchi's house as a candidate venue for Gian's recital but declined due to the large family.,"TenComi Volume 43, Page 41; Complete Works Volume 11, Page 292",,,,,
Kawaguchi-san (Youth),,Character,"A young man living near Nobita's house. Matched with Sorano-san at an omiai, was rejected once, but protected Sorano-san from the Reporter Robot and got engaged.","TenComi Volume 40, Page 74; Complete Works Volume 13, Page 560",,,,,
Kawaguchi-san (Book Lender),,Character,A person Nobita's mom borrowed books from. Returned via the Flying Cargo Tag.,"FF Land Volume 8, Page 113; Complete Works Volume 8, Page 42",,,,,
Kawada-san (Parrot Owner),,Character,Owner of paired parakeets that became material for Action Karuta.,"TenComi Volume 23, Page 161; FF Land Volume 29, Page 14; Complete Works Volume 10, Page 271",,,,,
Kawada-san (Substitution),,Character,A person Nobita substituted for Yamada-san using the Substitution Sticker. Received Shizuka's errand item; returned it after the sticker's effect wore off.,"Plus Volume 1, Page 37; Complete Works Volume 13, Page 186",,,,,
Kawabata-san,,Character,Lives opposite the Nobi household. Family went to see a movie together.,"TenComi Volume 9, Page 53; FF Land Volume 13, Page 72; Complete Works Volume 6, Page 201",,,,,
Ganko,,Character,A girl living next door to Shizuka; Jaiko's friend. Nearly tore Doraemon apart playing doctor with a Doraemon doll made by the Curse Camera.,"TenComi Volume 4, Page 13; FF Land Volume 5, Page 99; Complete Works Volume 1, Page 418",,,,,
Ganko-san,,Character,An old man living near Nobita's house. Runs a cram school and teaches neighborhood children for free.,"FF Land Volume 7, Page 26; Complete Works Volume 4, Page 456",,,,,
Gundamu,,Character,A name Nobita tried to give to Judo because it sounded strong.,"Long Series Volume 7, Page 38",,,,,
Sign Painter,,Character,"An old painter working on the Fluffy Bread sign. Unsatisfied with not capturing the fluffy feel, he threw down his brush.","TenComi Volume 8, Page 178; FF Land Volume 12, Page 18; Complete Works Volume 3, Page 483",,,,,
Emperor Kammu,,Character,The 50th emperor who built Heiankyō. Mentioned when Mikujin mistakenly arrived at Heiankyō instead of Baghdad.,"Long Series Volume 11, Page 46",,,,,
Kii-chan,,Character,"Nobita's aunt's child. To fulfill the evil fortune Nobita drew with the Guaranteed Palmistry Set, tied Nobita with rope and tried to stab him with a kitchen knife.","TenComi Volume 2, Page 103; FF Land Volume 8, Page 174; Complete Works Volume 3, Page 416; Complete Works Volume 11, Page 387",,,,,
Kībō,,Character,A sapling growing on the back hill that evolved with the Plant Automation Liquid. Left Earth with plant-type aliens for space. Later returned as ambassador of the Plant Planet and reunited in Nobita and the Kingdom of Clouds.,"TenComi Volume 33, Page 171; FF Land Volume 41, Page 158; Complete Works Volume 14, Page 299",,,,,
Kiki-chan,,Character,A pet monkey owned by a little girl. It escaped.,"TenComi Volume 42, Page 54",,,,,
Woodcutter (Fairy Tale),,Character,"The woodsman from the fairy tale The Honest Woodcutter, as told by Doraemon to Nobita. Dropped his precious axe in a spring; a goddess appeared and, because he was honest, gave him a gold axe, a silver axe, and his iron axe.","TenComi Volume 36, Page 164",,,,,
Woodcutter (Mountain),,Character,"A male woodcutter living deep in the mountains. Found Shizuka's Float-Float Obi. Demanded a dance performance in return. When Shizuka said dancing was hard without music, he started singing Soran Bushi himself.","TenComi Volume 2, Page 71; FF Land Volume 8, Page 97; Complete Works Volume 5, Page 101",,,,,
Pheasant,,Character,A doll Kowaru-kun received from aliens for possession. Doraemon possessed it to search for the lost Nobita.,"TenComi Volume 9, Page 179; FF Land Volume 19, Page 29; Complete Works Volume 5, Page 265",,,,,
Gikkuri Camera Setter,,Character,"A person who set up Gikkuri pranks on Gian using the Gikkuri Ticket. Pranked with expulsion threat and parental disownment. Finally revealed the trick while holding a sign saying 'Thanks, thanks.'","Plus Volume 1, Page 150",,,,,
Lost Stamp Album Boy,,Character,"A friend of Nobita's who lost the stamp album borrowed from Nobita. Forced an envelope with 1,000 yen and a letter into Nobita's hands and fled to avoid blame.","TenComi Volume 8, Page 98; FF Land Volume 14, Page 62; Complete Works Volume 6, Page 172",,,,,
Kidori Takao,,Character,Nobitaro's male friend. Appeared on the Street Child Song Contest. Very sharp-minded; dominated the debate 'Is Nessie Real or Not?' against Nobitaro. Nicknamed Zuruki.,"TenComi Volume 4, Page 48; Complete Works Volume 20, Page 354; Complete Works Volume 20, Page 385",,,,,
Kimura-san's Uncle,,Character,"A man mentioned in Kimura-san's aunt's street conversation. The story was about a marital fight. He yelled 'Baka-yarō' at his wife, got scratched and bitten. Outcome unknown.","FF Land Volume 7, Page 73; Complete Works Volume 5, Page 127",,,,,
Kimura-san's Aunt,,Character,A nearby woman chatting on the street.,"FF Land Volume 7, Page 73; Complete Works Volume 5, Page 127",,,,,
Captain Kid,,Character,"Captain commanding pirates aboard the Shark. Strong fighter, calm under pressure, inspires crew, and gives precise orders. Highly trusted by crew. Wears an eye patch on his right eye.","Long Series Volume 18, Page 44",,,,,
Vampire (Galaxy Express),,Character,A vampire extra on the Galaxy Super Express. Nobita encountered him in the washroom; he appeared in the mirror.,"Long Series Volume 16, Page 28",,,,,
Q-tarō,,Character,"Obake no Q-tarō. Appears from the Real Encyclopedia, was pulled to the Anything Airport, and makes occasional appearances throughout the series.","TenComi Volume 5, Page 119; TenComi Volume 6, Page 53; TenComi Volume 11, Page 9; TenComi Volume 23, Page 139; TenComi Volume 24, Page 99; TenComi Volume 25, Page 134; TenComi Volume 27, Page 152; FF Land Volume 3, Page 170; TenComi Volume 32, Page 92; TenComi Volume 33, Page 6; FF Land Volume 11, Page 72; FF Land Volume 13, Page 132; FF Land Volume 13, Page 139; FF Land Volume 27, Page 171; FF Land Volume 32, Page 22; FF Land Volume 33, Page 57; FF Land Volume 34, Page 21; FF Land Volume 35, Page 93; FF Land Volume 41, Page 26; Plus Volume 1, Page 158; Complete Works Volume 3, Page 191; Complete Works Volume 4, Page 77; Complete Works Volume 4, Page 18; Complete Works Volume 4, Page 63; Complete Works Volume 5, Page 311; Complete Works Volume 6, Page 161; Complete Works Volume 10, Page 490; Complete Works Volume 11, Page 326; Complete Works Volume 11, Page 302; Complete Works Volume 12, Page 79; Complete Works Volume 12, Page 217; Complete Works Volume 13, Page 139; Complete Works Volume 13, Page 119; Complete Works Volume 14, Page 493; Complete Works Volume 20, Page 277",,,,,
Dinosaur (Galaxy Express),,Character,"A dinosaur extra on the Galaxy Super Express. Broke through Gian's room window and peered in. Terrified even Gian. Dialogue: 'Kyo, kyo, kyo, kyo...'.","Long Series Volume 16, Page 43",,,,,
Dinosaur Planet Clerk,,Character,A Dreamersland Dinosaur Planet employee who explained the rules and precautions to Nobita's group.,"Long Series Volume 16, Page 116",,,,,
Dinosaur Hunter,,Character,Hired by the wealthy Dormanstain to steal Pīsuke. Captures rare Mesozoic animals to sell to the rich.,"Long Series Volume 1, Page 30",,,,,
Kyōbō,,Character,"Beso's owner. Very violent, hence the nickname.","TenComi Volume 16, Page 98; FF Land Volume 30, Page 101; Complete Works Volume 5, Page 541",,,,,
Giant Cockroach Monster,,Character,A villain in Nobita's weekly show Mike-chan Man. Defeated by Mike-chan Man.,"TenComi Volume 30, Page 81; FF Land Volume 38, Page 107; Complete Works Volume 13, Page 311",,,,,
Girāmin,,Character,Arrived from headquarters to Koya-Koya Star per Bogant's request. Attempted to destroy Koya-Koya Star but was defeated by Nobita's gun.,"Long Series Volume 2, Page 123",,,,,
Disliked Yosaburō,,Character,A middle schooler from the neighboring town. Practices judo and karate; violent. Cross-shaped scar on his left cheek. Came to Nobita's town after being ostracized elsewhere. Extorts money from elementary kids (100 yen as 'tax') and does as he pleases.,"Complete Works Volume 2, Page 111",,,,,
Kirigakure Sunezō,,Character,Suneo's name at the Dreamersland Ninja Planet.,"Long Series Volume 16, Page 89",,,,,
Christ,,Character,The person Gian compared Nobita to when Nobita drank Niku-me-nine and offered to bear all sins.,"TenComi Volume 8, Page 92; FF Land Volume 15, Page 108; Complete Works Volume 3, Page 524",,,,,
General Gilmore,,Character,A dictator plotting to dominate Pirika Star. Destroyed the government army; pursued Pirika Star President Papi who fled to space.,"Long Series Volume 6, Page 49",,,,,
Beautiful Gian,,Character,"A version of Gian produced by the Goddess Robot, given to Nobita and Doraemon to call back the original Gian who fell into the Woodcutter's Spring. Thick eyebrows and beautiful eyes. The original Gian was forcibly dragged into the spring by the Goddess Robot.","TenComi Volume 36, Page 168",,,,,
Bank Gang,,Character,Criminals attempting to flee abroad. Jumped to a ship via the Anywhere Door but landed in a police officer's ship model and were arrested.,"TenComi Volume 6, Page 88; FF Land Volume 7, Page 68; Complete Works Volume 4, Page 60",,,,,
Bank Robber (Masked),,Character,A robber who held up the ○× Bank wearing a mask. Solo perpetrator; fired guns while fleeing. The scene descended into chaos. Eventually arrested by police.,"TenComi Volume 34, Page 29; FF Land Volume 42, Page 81; Complete Works Volume 12, Page 565",,,,,
Bank Robber (Knife),,Character,"A masked robber fleeing with a large knife. Encountered Nobita's dad, who had drunk Adventure Tea; the robber ended up chasing dad.","TenComi Volume 36, Page 101; FF Land Volume 44, Page 151; Complete Works Volume 13, Page 491",,,,,
Safe Thief,,Character,"A thief running with a stolen safe under his arm. Found the Handkerchief Wrap, covered the safe claiming 'Even if a cop comes it's fine', but a cop emerged from the wrapping.","Complete Works Volume 4, Page 31",,,,,
Nearby Kids,,Character,Children Shizuka called over while waiting for Nobita at home because she was bored. Played tossing toys. At least two kids. Threw a toy car at Nobita causing an injury requiring bandages.,"TenComi Volume 1, Page 33; FF Land Volume 1, Page 31; Complete Works Volume 1, Page 40",,,,,
Kintoun,,Character,A cloud-shaped creature living on high mountains.,"FF Land Volume 29, Page 72; Color Volume 4, Page 137; Complete Works Volume 12, Page 101",,,,,
Fantasy Believer Boy,,Character,A boy who believes his grandmother's fairy tale that rabbits live on the moon pounding mochi.,"FF Land Volume 10, Page 134; Complete Works Volume 9, Page 143",,,,,
Kukuru,,Character,Son of the Hikari Tribe's Tajikara. Pulled into a sudden spacetime turbulence and arrived in 20th-century Tokyo. Fought alongside Nobita's group against Spirit King Gigazonbi to rescue his parents and tribe.,"Long Series Volume 9, Page 4",,,,,
Shoemaker,,Character,An old shoe store owner Nobita admired. Little people appeared and made shoes while he was bedridden with illness.,"TenComi Volume 7, Page 19; FF Land Volume 14, Page 46; Complete Works Volume 5, Page 50",,,,,
Bear-kun,,Character,A bear that attacked Nobitaniyan. Learned his cub was rescued by Nobitaniyan and helped him in return. Led the Fantasy Three Swordsmen to Dragon Valley.,"Long Series Volume 14, Page 84",,,,,
Bear-san,,Character,The name Suneo or Gian claimed when introducing themselves to King Harūn al-Rashīd.,"Long Series Volume 11, Page 65",,,,,
Kumatora Onigorō,,Character,A violent escape convict with 100 prior offenses. Sneaked into Nobita's room and entered Wind-up City through the Anywhere Door.,"Long Series Volume 17, Page 26",,,,,
Kumatora Onigorō Family,,Character,An army of Kumatora Onigorō copies multiplied by the Egg Copy Mirror. More than 10 copies.,"Long Series Volume 17, Page 32",,,,,
Squad Leader,,Character,A Nimge squad commander on Hell Planet. Wears a cape unlike other Nimge. Received a report from an exposed squad member and ordered everyone to remove masks for inspection.,"Long Series Volume 10, Page 144",,,,,
Cloud Robot,,Character,A robot created from clouds to build the Cloud Kingdom. Contains a Robottā.,"Long Series Volume 12, Page 21",,,,,
Darkness Ojisan,,Character,"Tries kidnapping, snatch-and-grab, and robbery, but all attempts fail due to the Blunder Band.","TenComi Volume 30, Page 134; FF Land Volume 39, Page 86; Complete Works Volume 14, Page 243",,,,,
Class's Most Perverted Kid,,Character,A boy described as the class's biggest pervert. Does nasty things when he sees girls.,"TenComi Volume 34, Page 40; FF Land Volume 30, Page 140; Complete Works Volume 10, Page 318",,,,,
Crusher Ōiwa,,Character,A Rocky Gym pro boxer. Became pro after helping the gym chairman who was beaten by thugs. Currently world champion.,"TenComi Volume 42, Page 173; Complete Works Volume 12, Page 711",,,,,
Kurayami Tribe,,Character,A fierce tribe serving Gigazonbi.,"Long Series Volume 9, Page 78",,,,,
Kurayami Gang,,Character,An evil group in Funyakofunya-o's manga Lion Mask. Captured the hero Lion Mask and held the upper hand.,"TenComi Volume 3, Page 6; FF Land Volume 4, Page 142; Complete Works Volume 1, Page 527",,,,,
Grand Robo Deluxe,,Character,A super robot character from TV Nobita watched. Delivers swift punches to Akuma Robo Black.,"FF Land Volume 3, Page 99; Plus Volume 4, Page 57; Complete Works Volume 4, Page 533",,,,,
Grand Prix Music School Vice-Principal,,Character,The vice-principal of the school who recorded Gian's singing as an off-key example for a promotional tape.,"TenComi Volume 39, Page 139; Complete Works Volume 12, Page 703",,,,,
Grand Prix Music School Principal,,Character,The principal of a school that trains professional singers. Planned to create a promotion tape using Gian's singing as an off-key sample.,"TenComi Volume 39, Page 144; Complete Works Volume 12, Page 708",,,,,
Granrobo,,Character,A full-sized RC robot made by Suneo's cousin.,"TenComi Volume 23, Page 171; FF Land Volume 22, Page 159; Complete Works Volume 10, Page 281",,,,,
Guri,,Character,A griffin created by Nobita using the Cloning Egg. A mix of eagle and lion.,"Long Series Volume 9, Page 48",,,,,
Gurio,,Character,A male manager at the Extinct Animal Protection Zone. Cold to Nobita's group who were trying to escape.,"Long Series Volume 12, Page 90",,,,,
Christine Goda,,Character,"Jaiko's manga pen name. Manga works include: Jaiko-san, Chocola de Trevianne, Ankonomochi Stories, Hinidesho wa Tenki, Peropero Candy Candy, Ai Forteissimo, Niji no Violetta, and Onīchan.","TenComi Volume 29, Page 183; TenComi Volume 37, Page 179; FF Land Volume 45, Page 33; Complete Works Volume 13, Page 599",,,,,
Car Crash Man,,Character,"A man who crashed his car into a telephone pole after being startled by a toy Nobita threw out the window. The car was completely destroyed, engine mangled, wheel detached. No injuries claimed. Demanded compensation from Nobita; settled with a mini-car via the Mechagodzilla Tail.","FF Land Volume 31, Page 97; Complete Works Volume 9, Page 515",,,,,
Great Finger,,Character,The world string figure (ayo) champion. Successfully defended the title 8 times. Signature techniques include Mt. Fuji and Galaxy.,"TenComi Volume 15, Page 181",,,,,
Cremu,,Character,Roppuru's sister. Learned string figures (ayo) from Nobita.,"Long Series Volume 2, Page 45",,,,,
Kuro (Pet Stone),,Character,A black stone Nobita turned into a pet using Pet Cream.,"TenComi Volume 37, Page 99; FF Land Volume 45, Page 143; Complete Works Volume 11, Page 184",,,,,
Kuro (Stray Cat 1),,Character,A stray black cat abandoned after breaking an old man's prized potted plant. Earned Nobita's mom's favor by alerting the family about a left-on iron and becoming a conversation topic with the club director's wife.,"TenComi Volume 43, Page 6",,,,,
Kuro (Doll Thief Cat),,Character,A cat that stole Shizuka's doll Jack-kun.,"TenComi Volume 43, Page 182",,,,,
Kuro (Stray Dog),,Character,A stray black dog near Nobita's house. Bit Nobita when he was transformed into a dog via the Ninja Scroll.,"TenComi Volume 28, Page 81; TenComi Volume 31, Page 113; TenComi Volume 31, Page 133; TenComi Volume 32, Page 110; FF Land Volume 35, Page 177; TenComi Volume 39, Page 137; TenComi Volume 39, Page 50; FF Land Volume 39, Page 125; FF Land Volume 39, Page 140; FF Land Volume 40, Page 89; Color Volume 2, Page 43; Color Volume 4, Page 24; Color Volume 4, Page 125; Complete Works Volume 12, Page 369; Complete Works Volume 12, Page 498; Complete Works Volume 12, Page 701; Complete Works Volume 13, Page 158; Complete Works Volume 13, Page 295; Complete Works Volume 13, Page 171; Complete Works Volume 14, Page 140; Complete Works Volume 15, Page 32; Complete Works Volume 15, Page 90",,,,,
Kuro (Gluttonous Stray Cat),,Character,"A stray cat that ate Shizuka's canary, Nobita's goldfish, and even Doraemon's dorayaki. Cunning and fast, everyone was frustrated until Doraemon disciplined it with the Guidance Missile.","TenComi Volume 12, Page 6; FF Land Volume 14, Page 22; TenComi Volume 35, Page 108; TenComi Volume 37, Page 81; TenComi Volume 38, Page 47; FF Land Volume 44, Page 142; FF Land Volume 45, Page 125; Color Volume 4, Page 16; Plus Volume 2, Page 175; Complete Works Volume 6, Page 235; Complete Works Volume 12, Page 530; Complete Works Volume 12, Page 621; Complete Works Volume 14, Page 275; Complete Works Volume 14, Page 67",,,,,
Kuroki-san,,Character,Owner of the cat Sasuke.,"TenComi Volume 42, Page 165",,,,,
Black Cat,,Character,A black cat that constantly bullies a white cat.,"TenComi Volume 22, Page 18; FF Land Volume 28, Page 116; Complete Works Volume 12, Page 140",,,,,
Kun,,Character,A little girl from the Donjara Village of Aoba-ga-oka. Separated from her brother Ho during a journey to find a new habitat; reunited with Nobita's help.,"TenComi Volume 35, Page 184",,,,,
Soldier,,Character,"A military man who ordered a zookeeper (whom Uncle Nobirō visited as a child) to kill animals during wartime, to prevent them from escaping town and causing trouble.","TenComi Volume 5, Page 181; FF Land Volume 9, Page 96; Complete Works Volume 4, Page 178",,,,,
Prince Kuntakku,,Character,"Prince of the dog kingdom in the Congo Basin. Captured by the minister Dubrandar's rebellion; nearly buried alive but survived by falling into a river during transport. Picked up by a Japanese sailor, came to Japan, and met Nobita's group.","Long Series Volume 3, Page 4",,,,,
Commander,,Character,Commanded the great expedition to investigate the cause of the dinosaurs' extinction 65 million years ago. Van Ho's superior.,"Long Series Volume 8, Page 149",,,,,
Tajikara,,Character,Kukuru's father. Taken by the Kurayami Tribe.,"Long Series Volume 9, Page 102",,,,,
Tarane,,Character,Kukuru's mother. Taken by the Kurayami Tribe. [Source: Movie Pamphlet 'Nobita and the Birth of Japan'].,"Long Series Volume 9, Page 111",,,,,
Mori-san,,Character,A person standing in front of a house that appeared as a hint in a riddle when searching for Uncle Nobirō using the Treasure Paper. Has a dark face. [Ref: Where is Uncle Nobirō?].,"Plus Volume 4, Page 48",,,,,
Stingy Uncle,,Character,An old man who visits Nobita's house every year. Wealthy but stingy; has never given New Year's money. Skillfully evades all pressure to do so.,"Complete Works Volume 6, Page 75",,,,,
Kenneth Wilson,Robert Kenneth Wilson,Character,A London surgeon appearing in materials created by Nobitaro for the public debate 'Does Nessie Exist or Not?'. Photographed Nessie.,"TenComi Volume 6, Page 126",,,,,
Kevin Eastwood,,Character,A star in a Japanese-American co-production film. Was filming scenes at the train station.,"TenComi Volume 45, Page 191",,,,,
Smoke Robot,,Character,"Appears when rubbing the Aladdin Lamp, saying 'Yes, master'. Absolutely obeys the lamp-rubber but does not choose means, making it dangerous.","TenComi Volume 1, Page 173; FF Land Volume 5, Page 160; Complete Works Volume 3, Page 198",,,,,
Fight-Loving Boy,,Character,A boy detected by the Violence Energy Detector. Loves fighting more than eating food; Gian's rival. Moved away later.,"Complete Works Volume 13, Page 553",,,,,
Genkō Kakuzō,,Character,"An aspiring writer living near Nobita whose future was predicted by Nobita using the Tongue Fortune. His works never sold; he lived in poverty and almost quit writing, but won a literary prize after 5 years.","TenComi Volume 12, Page 15; FF Land Volume 25, Page 59; Complete Works Volume 3, Page 579",,,,,
Gengo Gengorō,,Character,"A neighborhood tough from the next town, stronger than even Gian. Also known to Suneo. Can smash earthenware pipes bare-handed. Dialogue: 'Ke~'.","FF Land Volume 13, Page 155; Plus Volume 2, Page 46; Complete Works Volume 9, Page 89",,,,,
Construction Giant Yeon,,Character,A character from merchandise Nobita begged Doraemon for.,"TenComi Volume 28, Page 152",,,,,
Ken Captain,,Character,Leader of the Esper Boy Squad. Always stands at the front in battles against enemies and confronts the Demon King Dasai.,"FF Land Volume 29, Page 81; Complete Works Volume 10, Page 194",,,,,
Ken-chan (Childhood Friend),,Character,"Shizuka's childhood friend. Entered a Tokyo high school and returned to the capital after 4 years. As children, they played house together.","TenComi Volume 30, Page 112; FF Land Volume 38, Page 90; Complete Works Volume 12, Page 342",,,,,
Ken-chan (Window Breaker),,Character,Broke a neighbor's window. Tried to quietly escape but was exposed loudly by the window's soul via the Soul Stick.,"TenComi Volume 29, Page 12; TenComi Volume 39, Page 133; FF Land Volume 37, Page 50; Complete Works Volume 12, Page 477; Complete Works Volume 14, Page 267",,,,,
Ken-chan (Guitar Friend),,Character,A friend of Nobita's. Got a guitar using the Happy Trump card.,"TenComi Volume 27, Page 188; FF Land Volume 37, Page 20; Complete Works Volume 9, Page 698",,,,,
Genbu,,Character,Leader of the Free Alliance and former Pirika Star security minister. Formed the alliance to oppose General Gilmore. Hobbies: drinking and karaoke. His mustache is dyed black.,"Long Series Volume 6, Page 114",,,,,
Koike-san,,Character,A nearby resident who loves ramen. Modeled after Suzuki Shinichi.,"TenComi Volume 1, Page 28; TenComi Volume 4, Page 112; TenComi Volume 12, Page 158; TenComi Volume 26, Page 87; TenComi Volume 26, Page 135; FF Land Volume 1, Page 26; TenComi Volume 31, Page 97; FF Land Volume 4, Page 127; FF Land Volume 13, Page 93; FF Land Volume 24, Page 104; FF Land Volume 36, Page 99; FF Land Volume 37, Page 144; FF Land Volume 38, Page 63; Color Volume 5, Page 82; Complete Works Volume 1, Page 35; Complete Works Volume 1, Page 313; Complete Works Volume 2, Page 162; Complete Works Volume 4, Page 104; Complete Works Volume 8, Page 56; Complete Works Volume 9, Page 583; Complete Works Volume 10, Page 467; Complete Works Volume 13, Page 114",,,,,
Koizumi Kyōko,,Character,A person from a TV show that aired at seven o'clock. Nobita missed the broadcast.,"FF Land Volume 13, Page 74",,,,,
Coin Collector,,Character,An elderly man who asked Suneo's detective agency to investigate a coin theft case. Valuable coins disappeared from a locked room. He led Suneo to the crime scene at his home.,"TenComi Volume 32, Page 168; FF Land Volume 40, Page 60; Complete Works Volume 11, Page 480",,,,,
Gōda Takeshi,Gian,Character,"Gian's real name. Physically strong but weak academically. Holds Gian Recitals regularly in the vacant lot. Sometimes bullies Nobita but also protects him from other town bullies. Born June 15, 1964. Secret hobby: playing house. Attends abacus school. Most admires Miyamoto Musashi.","TenComi Volume 1, Page 10; TenComi Volume 1, Page 45; TenComi Volume 1, Page 62; TenComi Volume 1, Page 70; TenComi Volume 1, Page 83; TenComi Volume 1, Page 97; TenComi Volume 1, Page 129; TenComi Volume 1, Page 131; TenComi Volume 1, Page 152; TenComi Volume 1, Page 163; TenComi Volume 1, Page 181; TenComi Volume 1, Page 183; TenComi Volume 2, Page 23; TenComi Volume 2, Page 29; TenComi Volume 2, Page 38; TenComi Volume 2, Page 64; TenComi Volume 2, Page 84; TenComi Volume 2, Page 105; TenComi Volume 2, Page 109; TenComi Volume 2, Page 118; TenComi Volume 2, Page 149; TenComi Volume 2, Page 154; TenComi Volume 2, Page 185; TenComi Volume 3, Page 11; TenComi Volume 3, Page 24; TenComi Volume 3, Page 47; TenComi Volume 3, Page 60; TenComi Volume 3, Page 67; TenComi Volume 3, Page 88; TenComi Volume 3, Page 107; TenComi Volume 3, Page 126; TenComi Volume 3, Page 134; TenComi Volume 3, Page 176; TenComi Volume 4, Page 22; TenComi Volume 4, Page 34; and many more...",,,,,
Gōda Yasashi,Jiichibi,Character,Gian's son. Nickname Jiichibi. Looks exactly like Gian but has poor athletic skills and a gentle personality. Often bullied by Nobita's son Nobisuke. [Source: Movie Pamphlet 'Nobita and the Birth of Japan'].,"TenComi Volume 26, Page 182; FF Land Volume 33, Page 68; Complete Works Volume 10, Page 551",,,,,
Principal,,Character,The principal of Nobita's elementary school. Appeared in the world where Nobita became a genius via the Real Pillow.,"TenComi Volume 5, Page 146; FF Land Volume 2, Page 87; Complete Works Volume 1, Page 404",,,,,
Principal Sensei,,Character,The principal of Nobita's school.,"TenComi Volume 15, Page 75; FF Land Volume 16, Page 155; Color Volume 4, Page 28; Complete Works Volume 1, Page 511; Complete Works Volume 14, Page 41",,,,,
Traffic Accident Hospitalized Friend,,Character,"A friend hospitalized due to a traffic accident. Visited by Nobita, Gian, Suneo, Yasuo, and Haruo.","TenComi Volume 10, Page 92; FF Land Volume 16, Page 54; Complete Works Volume 4, Page 440",,,,,
Robber (Co-be-a-be),,Character,"A robber who broke into Shizuka's house. Nobita blew Co-be-a-be on him; despite being a robber, he served tea. Finally controlled by Co-be-a-be, went to the police station in only his underwear saying 'Please arrest me!'","TenComi Volume 1, Page 63; FF Land Volume 9, Page 9; Complete Works Volume 2, Page 250",,,,,
Robber (Peckoa-Bug),,Character,A robber with 45 prior offenses. The effect of the Peckoa-Bug made him attempt to cut his own belly on a rooftop while intending to rob a house. Nobita recommended he go to the police for arrest. (Note: The officer at the station was actually Ishikawa Goemon in disguise).,"TenComi Volume 1, Page 93; FF Land Volume 3, Page 88; Complete Works Volume 1, Page 208",,,,,
Robber (Werewolf Mom),,Character,A robber who threatened Nobita's mom at night with 'Give me money!' Mom had applied Werewolf Cream earlier and transformed into a werewolf from the flashlight beam. The robber jumped in terror and ran away.,"TenComi Volume 11, Page 50; FF Land Volume 13, Page 68; Complete Works Volume 7, Page 70",,,,,
Robber (Caught),,Character,A burglar who broke into a house. Caught by a responding police officer.,"Color Volume 4, Page 149; Complete Works Volume 10, Page 162",,,,,
Robber (Dark Bulb),,Character,"A robber who bought the Light Makes Dark Bulb for daytime work. Threatened the escaping Nobita and Doraemon with a knife. Made the bulb light up, then demanded money from a passerby who happened to be a patrolling cop, leading to his arrest.","TenComi Volume 10, Page 66; FF Land Volume 13, Page 166; Complete Works Volume 5, Page 188",,,,,
Robber (Forced Run Pants),,Character,"A large man wearing sunglasses, holding a knife in his right hand, being chased by police. Nobita's dad wearing Forced Run Pants passed by; the robber threatened him from behind to run faster.","TenComi Volume 17, Page 55; FF Land Volume 21, Page 108; Complete Works Volume 9, Page 225",,,,,
Robber Gang,,Character,A gang that raided the Billion Bank in Gunsmoke City. Six expert gunmen based in Death Valley.,"Long Series Volume 16, Page 81",,,,,
Robbed Householder,,Character,"An old man whose house was robbed. Wanted a guard dog, as revealed by the Desire Machine. Adopted a stray puppy from the vacant lot.","Color Volume 4, Page 150; Complete Works Volume 10, Page 163",,,,,
Gō Hideki,,Character,An entertainer rumored to be marrying Hoshino Sumire in last year's weekly magazine.,"TenComi Volume 19, Page 125; FF Land Volume 31, Page 133; Complete Works Volume 7, Page 545",,,,,
Gō Hiromi,,Character,A celebrity Shizuka is a big fan of. Called Nobita's house by mistake due to the Schedule Notebook; Shizuka answered and chatted briefly.,"TenComi Volume 1, Page 160; FF Land Volume 17, Page 42; Complete Works Volume 2, Page 526",,,,,
Kōshaku,,Character,Yabe Kōji's nickname.,"TenComi Volume 12, Page 111; FF Land Volume 14, Page 119; Complete Works Volume 5, Page 379",,,,,
Chorus Group,,Character,A group formed by Nobita's mom and neighborhood ladies. Holding a recital.,"TenComi Volume 10, Page 10; FF Land Volume 11, Page 186; Complete Works Volume 5, Page 295",,,,,
Golden Wealthlord,,Character,A person from about 300 years ago who buried 1 million ryō at Midohara. The location is recorded on a treasure map.,"Color Volume 6, Page 6; Complete Works Volume 9, Page 181",,,,,
Goku,,Character,A TV anime character who can create clones from his own hair.,"TenComi Volume 37, Page 151; FF Land Volume 45, Page 43; Complete Works Volume 15, Page 44",,,,,
Black Death King,,Character,A character in the musical Birth of Heaven. Rules the northern mountain country. Attempted to conquer the lush green land of the White King.,"Long Series Volume 12, Page 125",,,,,
Cub,,Character,Bear-kun's child. Caught in a trap set by Jaithos in the Forest of No Return; rescued by Nobitaniyan.,"Long Series Volume 14, Page 66",,,,,
Kokekko Council Member,,Character,A resident of Animal Planet. Attended the town meeting held by Mayor Utan to fight the Nimge.,"Long Series Volume 10, Page 148",,,,,
Gosaku,,Character,A mean man living next to Yosaku.,"TenComi Volume 36, Page 174; FF Land Volume 44, Page 8; Complete Works Volume 12, Page 431",,,,,
Goj-chan,,Character,"Gian's toy monster. Given life by the Screw of Life. Gentle personality, loves sweets.","Long Series Volume 17, Page 14",,,,,
Godzilla (Film),,Character,The huge monster from the Godzilla film franchise. Created by nuclear experiments. Nobita transformed into Godzilla using the Word Game Transform Capsule.,"TenComi Volume 28, Page 13; FF Land Volume 36, Page 87; Complete Works Volume 12, Page 490",,,,,
Godzilla (Friend),Saigō Tsuyoshi,Character,A male friend of Nobita's. Used the Happy Trump card from Kizao to pass to Yosh-chan. A character from Obake no Q-tarō. Real name is Saigō Tsuyoshi.,"TenComi Volume 27, Page 188; FF Land Volume 8, Page 14; FF Land Volume 37, Page 20; Complete Works Volume 5, Page 279; Complete Works Volume 9, Page 698",,,,,
Gosu,,Character,"A subordinate of Bogant. Along with Mes, he harasses the people of Koya-Koya Star. The chubby one.","Long Series Volume 2, Page 71",,,,,
Cos Doctor,,Character,"Resurrected 5,000-year-old weapons, the Fire-Spitting Carriage and the Flying Ship, on Dubrandar's orders.","Long Series Volume 3, Page 127",,,,,
Paleontologist,,Character,"A paleontology researcher excavating fossils with his daughter on the back hill. Wanted to be a paleontologist when young but circumstances prevented it. Now researching in old age. Excavated a living trilobite using the Time Cloth, making a historic discovery.","TenComi Volume 11, Page 156; FF Land Volume 13, Page 184; Complete Works Volume 4, Page 472",,,,,
Paleontologist's Daughter,,Character,Supporting her father in fossil excavation. Dreams of becoming a paleontologist. Cried joyously with her father at the discovery.,"TenComi Volume 11, Page 160; FF Land Volume 13, Page 188; Complete Works Volume 4, Page 476",,,,,
Gotō Kuniko,,Character,A popular star. Doraemon asked Suneo for her autograph.,"TenComi Volume 42, Page 89",,,,,
Grumpiest Person in Town,,Character,"A grumpy-looking old man guarding outside his wall with a stick. Pleased by flattery from Nobita using the Flattery Mouth Tool, he gave Nobita persimmons.","TenComi Volume 1, Page 129; FF Land Volume 14, Page 163; Complete Works Volume 4, Page 97",,,,,
Strongest in Village,,Character,"A soldier living near Nobita's ancestor Nobisaku. Apparently the strongest in the village. Exchanged his armor for Nobita's dropped marble, thinking it was treasure.","TenComi Volume 1, Page 104; FF Land Volume 2, Page 11; Complete Works Volume 1, Page 357",,,,,
Little People,,Character,Little people who made shoes for the shoemaker while he was bedridden with illness.,"TenComi Volume 7, Page 19; FF Land Volume 14, Page 46; Complete Works Volume 5, Page 50",,,,,
Koyama-kun,,Character,An employee at Nobita's dad's company. Went to hot springs with family.,"FF Land Volume 2, Page 176; Complete Works Volume 2, Page 372",,,,,
Gorilla,,Character,A man nicknamed Gorilla who patrols the yard of a mansion in Nobita's town.,"Complete Works Volume 2, Page 38",,,,,
Gorirō,,Character,A gorilla boy on Animal Planet. Similar to Gian.,"Long Series Volume 10, Page 77",,,,,
Gorirō's Dad,,Character,Gorirō's father. Near-sighted and wears glasses; often mistakes Gian for Gorirō.,"Long Series Volume 10, Page 77",,,,,
Colt,,Character,"Captain Kid's close friend and captain of the Mermaid Flag Ship. Father of Betty and Jack. A leader who protects oppressed comrades, with an unyielding spirit even in disadvantageous situations. Fell into Mr. Cash's trap and was transported with his ship as labor. Captain Kid calls him a brother.","Long Series Volume 18, Page 4",,,,,
Koro,,Character,A dog kept in the neighborhood. Irritable from not getting walks.,"Complete Works Volume 13, Page 550",,,,,
Goro,,Character,A friend of Nobita's skilled at drawing. Drew Nobita's face using the Nose-Eyes Pen.,"TenComi Volume 8, Page 151; FF Land Volume 12, Page 107; Complete Works Volume 4, Page 369",,,,,
Goro-san,,Character,Nobita's cousin. Entered university and lives in a Tokyo apartment.,"TenComi Volume 10, Page 26; FF Land Volume 10, Page 65; Complete Works Volume 2, Page 395",,,,,
Killer Jack,,Character,"A worldwide wanted criminal. Cornered by Time Patrol, he escaped to the past. Threatened Nobita's mom and dad with a gun to use the Nobi house as a hideout.","Complete Works Volume 1, Page 276",,,,,
Columbus,Christopher Columbus,Character,A character from the book Columbus's Adventures that Suneo owns. Also appeared in Professor Terakawa's lecture. An Italian explorer and discoverer of the American continent.,"TenComi Volume 22, Page 98; TenComi Volume 25, Page 75; FF Land Volume 30, Page 54; FF Land Volume 36, Page 111; Complete Works Volume 9, Page 522; Complete Works Volume 9, Page 577",,,,,
Scary Old Man,,Character,An old man with a devil-like face feared by local children.,"Rumored to sell children overseas, but actually kind-hearted.",Lives in a house with a very large yard.,"FF Land Volume 2, Page 21; Color Volume 5, Page 37; Complete Works Volume 2, Page 85",,,
Scary Dog,,Character,"A dog kept in the neighborhood. Shizuka saw it and said 'Oh, scary dog,' accidentally conjuring it via the Souvenir Wrapping Cloth.","TenComi Volume 37, Page 64; FF Land Volume 45, Page 108; Complete Works Volume 13, Page 93",,,,,
Scary High Schooler,,Character,A high schooler hit by Gian's baseball.,"Wearing a school uniform. Very angry; Gian ordered Nobita to go apologize.,FF Land Volume 19",Page 120; Plus Volume 3,Page 178; Complete Works Volume 6,Page 428,,
Gonzalez,,Character,A pirate crew member on Captain Kid's Shark Ship.,"Always shirtless. Large and muscular. Often acts with Pancho. Has a habit of adding '-res' at the end of sentences.,Long Series Volume 18",Page 49,,,,
Gonta,,Character,Kowaru-kun's friend. A gang leader boy. Loves Yumedai.,"TenComi Volume 9, Page 162; FF Land Volume 19, Page 12; Complete Works Volume 5, Page 248",Condorman,,Character,"A TV hero Nobita admires. Wears a condor-themed mask and cape, and fights evil organizations. Rescued kidnapped Mari-chan.","TenComi Volume 34, Page 35; FF Land Volume 30, Page 135; Complete Works Volume 10, Page 313"
Condorman's Actor,,Character,A young man with glasses. Hides his identity as Condorman and fights evil in secret.,"TenComi Volume 34, Page 35; FF Land Volume 30, Page 135; Complete Works Volume 10, Page 313",,,,,
Jaiko,,Character,"Gian's younger sister. Originally supposed to marry Nobita, but Doraemon changed the future. Jaiko is a nickname; her real name is unknown. Her manga pen name is Christine Goda. There are various rumors about her real name, but no official announcement has been made.","TenComi Volume 1, Page 10; TenComi Volume 4, Page 14; TenComi Volume 22, Page 53; FF Land Volume 1, Page 8; FF Land Volume 1, Page 165; FF Land Volume 1, Page 186; FF Land Volume 5, Page 100; TenComi Volume 35, Page 79; TenComi Volume 37, Page 179; FF Land Volume 29, Page 41; FF Land Volume 43, Page 155; FF Land Volume 45, Page 33; TenComi Volume 43, Page 45; Complete Works Volume 1, Page 17; Complete Works Volume 1, Page 66; Complete Works Volume 1, Page 75; Complete Works Volume 1, Page 297; Complete Works Volume 1, Page 313; Complete Works Volume 1, Page 419; Complete Works Volume 2, Page 19; Complete Works Volume 7, Page 555; Complete Works Volume 10, Page 733; Complete Works Volume 11, Page 296; Complete Works Volume 13, Page 599",,,,,
Super Combined Mecha Gorgong,,Character,A super combined mecha on TV. A flying robot with two large horns on its head. Nobita wanted it.,"TenComi Volume 26, Page 7",,,,,

Kiza Kizao,,Character,Nobita's male friend. Used the Happiness Trump and gave it to Godzilla. Character from Obake no Q-taro.,TenComi Volume 27 Page 188; FF Land Volume 37 Page 20; Complete Works Volume 9 Page 698
High Priest,Saishichou,Character,Directed the construction of a time machine to travel 65 million years ago when dinosaurs went extinct.,Long Series Volume 8 Page 134
Saijo Hiromi,,Character,A popular singer who came to a park near Nobita's house for a location shoot. Walked a dog while showcasing wonderful singing thrilling the fans present.,TenComi Volume unspecified
Saito,,Reference,A name engraved on a tombstone that Nobita and friends passed by during a test of courage near Suneo's villa.,TenComi Volume 31 Page 30; FF Land Volume 27 Page 68; Complete Works Volume 10 Page 384
Hypnotist (Gian Suneo Nobita),,TV Character,A hypnotist on a TV program that Gian Suneo and Nobita were watching. Made a female subject's arm lighter turned it into a log or turned her into a baby.,TenComi Volume 11 Page 89; FF Land Volume 16 Page 161; Complete Works Volume 8 Page 67
Hypnotist (Nobita Doraemon),,TV Character,A hypnotist on a TV program that Nobita and Doraemon were watching. Made a female subject's arm lighter turned surroundings into sea for swimming or turned her into a log.,Color Volume 6 Page 82; Complete Works Volume 5 Page 63
Sakura Mami,,Character,A middle school girl with psychic powers. While flying she was pulled by the Anything Airport and landed at the airport.,TenComi Volume 32 Page 93; FF Land Volume 33 Page 58; Complete Works Volume 13 Page 140
Sasaki Kojiro,,Historical Figure,A master swordsman skilled in the secret technique Tsubame-gaeshi. Dueled Miyamoto Musashi at Funajima (Ganryu-jima) and was defeated.,TenComi Volume 11 Page 59; FF Land Volume 16 Page 89; Complete Works Volume 4 Page 345
Boy Who Floated the Sassabune,,Character,The younger brother of a man who went to Tokyo because their father fell ill and went missing. He placed a letter on a small boat (sassabune) and floated it down the river toward his brother.,TenComi Volume 26 Page 126; FF Land Volume 34 Page 109; Complete Works Volume 12 Page 298
Sasuke,,Pet Cat,A cat kept at Mr. Kuroki's house.,TenComi Volume 42 Page 165
Scorpion Guild,Sasoridan,Villain,A thief gang of nearly 40 people led by Kasim.,Long Series Volume 11 Page 61
Magazine Company Staff,Zasshisha no Hito,Professional,The editor in charge of Funyako Funyao's manga. Pressed Funyako Funyao to write after the deadline had passed.,Complete Works Volume 1 Page 322
Sanada Himoyuki,,Actor,An action star. During filming at a port he was splashed with Human Stamp Ink.,TenComi Volume 30 Page 17; FF Land Volume 39 Page 135; Complete Works Volume 11 Page 599
Sapio's Mother,,Family,Sapio's mother and wife of Galion Bricken Duke.,Long Series Volume 13 Page 92
Sapio Bricken,,Character,Son of Galion Bricken Duke. Seeking humans to help save Chamocha Star which was conquered by Professor Napogistler. Acts together with Brikin and Tap.,Long Series Volume 13 Page 78
Captain Savel,Sabel Taichou,Military Commander,Dubrandar's subordinate a one-eyed master swordsman. Pushed forward by Cos Doctor as vanguard to hunt down Prince Kuntak. In the final battle at the giant statue Nobita struck his temple and he fell down the stairs in defeat. His swordsmanship was considerable.,Long Series Volume 3 Page 129
Samson,,Pet,A garden stone that Suneo turned into a pet using Pet Cream. It ruined the garden and howled all night so it was abandoned in Aomori as a stray rock. Returned to Suneo after one week.,TenComi Volume 37 Page 104; FF Land Volume 45 Page 148; Complete Works Volume 11 Page 189
Sally-chan,,Character,A magic-using girl that Shizuka likes.,TenComi Volume 26 Page 76
Saru (Monkey Doll),,Doll,A doll that Kawaru-kun received from aliens capable of transferring consciousness. Kawaru-kun possessed it while searching for the lost Nobita.,TenComi Volume 9 Page 179; FF Land Volume 19 Page 29; Complete Works Volume 5 Page 265
Sawai Shuichi,,Reference,A name that appeared in the lost person column of the newspaper Nobita's dad was reading. The article continued with 'Shuichi-ya~'.,TenComi Volume 1 Page 111; FF Land Volume 2 Page 18; Complete Works Volume 1 Page 364
Sawada Goro,,Character,A person rumored to be in a relationship with Hoshino Sumire.,TenComi Volume 19 Page 125; FF Land Volume 31 Page 133; Complete Works Volume 7 Page 545
Sawada Hiromi,,Character,A person who released a new song. An advertisement was in the newspaper.,TenComi Volume 25 Page 171; FF Land Volume 31 Page 37; Complete Works Volume 11 Page 379
Uncle Sanders,Zandausu Oji-san,Doll,A doll that was in front of a KFC store. Given life by Ukki using the Screw of Life.,Long Series Volume 17 Page 45
Santa Claus (Chamocha Star),,Robot,A robot living at the North Pole of Chamocha Star. Its job was to give toys to children but after Dr. Napogistler conquered and isolated humans there were no children left and it retired.,Long Series Volume 13 Page 161
Zandacross,,Character,A name Doraemon gave to Judo a play on Santa Claus.,Long Series Volume 7 Page 26
Santa Robot,,Robot,A robot used by a future department store to deliver presents ordered through Santa Mail. Dressed as Santa riding a reindeer sleigh through the sky.,TenComi Volume 21 Page 164; FF Land Volume 28 Page 164; Complete Works Volume 8 Page 456
Caesar,Sheezaa,Animal,A dog that always bites Nobita.,TenComi Volume 16 Page 115; FF Land Volume 20 Page 75; Complete Works Volume 9 Page 132
Shakespeare,,Historical Figure,Author of Hamlet which Suneo nominated as a topic for a group play competition at a class reunion.,TenComi Volume 28 Page 94; FF Land Volume 37 Page 122; Complete Works Volume 11 Page 430
Jane,,Character,A girl on a mystery tour. Friend of Don and Aston.,Long Series Volume 16 Page 66
Messenger of Hell,Jigoku no Shisha,Character,A character in a manga Nobita was reading. Wears a silk hat sunglasses and coat carries a pistol and attacks people.,Plus Volume 2 Page 180
Accident Bike Rider,Jiko Baiku Raidaa,Character,A motorcycle rider speeding around Nobita's neighborhood. Crashed into a utility pole destroying the bike and fracturing his left arm. Speed was apparently life to him.,Plus Volume 3 Page 140
Shishimaru,,Animal,A ninja dog that chased Hattori-kun and settled at the Mitsuba family. Likes chikuwa.,TenComi Volume 43 Page 90; Complete Works Volume 12 Page 324
Shizuka (Opposite Planet),,Character,Shizuka on the opposite planet discovered while observing the Globe. Wears a shirt and shorts with a school backpack. Could not do assigned homework and ran to Nobita (a genius on this planet) for help.,TenComi Volume 17 Page 87; FF Land Volume 26 Page 131; Complete Works Volume 6 Page 475
Shizukarl,,Character,The name Shizukaria used when concealing her identity from Nobitaniyan claiming to be a traveling swordsman.,Long Series Volume 14 Page 91
Shizuka-chan,,Character,Shizuka's anime nickname. See Shizukan.,See Shizuka references throughout the series
Shizukaria,,Princess,Princess of the Yumirume Kingdom. Learning she was to be married to the Silver Swordsman against her will she fled the castle. She had secretly been learning swordsmanship from a first-class master and is confident in her skills. Played by Shizuka.,Long Series Volume 14 Page 64
Shizuchan,,Character,Shizuka's manga nickname. See Shizuka-chan.,See Shizuka references throughout the series
Shizuka's Cousin,,Character,A girl who came to play at Shizuka's house. Nobita stared at her intently.,TenComi Volume 8 Page 141; FF Land Volume 17 Page 139; Complete Works Volume 2 Page 605
Shizuka's Uncle (Art Critic),,Art Critic,An art critic whose reviews carry great authority. Critiqued Nobita's painting as 'Did you draw this in kindergarten?','TenComi Volume 8 Page 174; FF Land Volume 12 Page 14; Complete Works Volume 3 Page 479'
Shizuka's Uncle (Allowance),,Relative,Gave Shizuka spending money when she was trying to buy a stuffed otter.,TenComi Volume 35 Page 131; FF Land Volume 43 Page 75; Complete Works Volume 14 Page 353
Shizuka's Tutor (Math),,Tutor,A male college student with glasses and voluminous bangs walking and discussing math problems with Shizuka on the roadside. Nobita was jealous accusing them of flirting.,TenComi Volume 17 Page 73; FF Land Volume 17 Page 69; Complete Works Volume 6 Page 365
Shizuka's Tutor (Flatterer),,Tutor,A tutor in student uniform who only says compliments and is quite persistent. Shizuka disliked him.,FF Land Volume 34 Page 161; Complete Works Volume 6 Page 563; Plus Volume 6 Page 185
Shizuka's Papa,,Family,Shizuka's father.,TenComi Volume 1 Page 134; TenComi Volume 3 Page 186; TenComi Volume 6 Page 88; TenComi Volume 22 Page 46; FF Land Volume 4 Page 6; FF Land Volume 7 Page 68; FF Land Volume 16 Page 31; FF Land Volume 23 Page 46; Complete Works Volume 1 Page 733; Complete Works Volume 3 Page 49; Complete Works Volume 3 Page 179; Complete Works Volume 4 Page 60; Complete Works Volume 6 Page 412
Shizuka's Mama,,Family,Shizuka's mother.,TenComi Volume 1 Page 63; TenComi Volume 2 Page 10; TenComi Volume 2 Page 82; TenComi Volume 3 Page 29; TenComi Volume 3 Page 41; TenComi Volume 3 Page 92; TenComi Volume 3 Page 183; TenComi Volume 4 Page 161; TenComi Volume 5 Page 10; TenComi Volume 8 Page 8; TenComi Volume 8 Page 128; TenComi Volume 9 Page 41; TenComi Volume 10 Page 130; TenComi Volume 10 Page 184; TenComi Volume 12 Page 111; TenComi Volume 13 Page 91; TenComi Volume 13 Page 164; TenComi Volume 14 Page 48; TenComi Volume 15 Page 51; TenComi Volume 16 Page 71; TenComi Volume 22 Page 45; TenComi Volume 23 Page 30; TenComi Volume 23 Page 35; TenComi Volume 20 Page 145; TenComi Volume 25 Page 184; TenComi Volume 27 Page 72; TenComi Volume 27 Page 129; Long Series Volume 4 Page 18; TenComi Volume 28 Page 10; TenComi Volume 28 Page 40; TenComi Volume 28 Page 183; Long Series Volume 1 Page 28; TenComi Volume 29 Page 122; FF Land Volume 2 Page 182; FF Land Volume 4 Page 114; and many more...
Shizuka (Another Planet),,Character,A boy on the planet Nobita traveled to using the Space Lifesaving Boat. Looks exactly like Shizuka from appearance to name.,TenComi Volume 32 Page 19; FF Land Volume 40 Page 17; Complete Works Volume 12 Page 455
Cockroach Actor,,Actor,An actor wearing a full cockroach costume for a commercial shoot in the empty lot behind Shizuka's house. Filming the 'Cockroach Come Here' commercial he could not hold his bathroom break rushed into Shizuka's house with muddy shoes to use the toilet. He was supposed to kick Shizuka but Nobita wearing a Stone Hat took his place.,FF Land Volume 26 Page 140; Plus Volume 4 Page 102; Complete Works Volume 10 Page 352
Shizuno-hana,,Paper Sumo,The ring name of a paper sumo wrestler Shizuka made. Spring record: 5 wins 5 losses.,TenComi Volume 11 Page 16; FF Land Volume 16 Page 128; Complete Works Volume 8 Page 60
Seven Dwarfs,,Character,The seven dwarves that appeared in the Snow White course on the fairy tale star at Dreamersland.,Long Series Volume 16 Page 99
Mayor (Gunsmoke City),,Mayor,The mayor of Gunsmoke City on the western star at Dreamersland. Recruiting a skilled sheriff.,Long Series Volume 16 Page 75
Mayor (Book),,Character,A character in a book Nobita was reading. Commissioned the Pied Piper to exterminate rats. Title unconfirmed but likely 'The Pied Piper of Hamelin' (inferred).,Complete Works Volume 8 Page 21; Plus Volume 6 Page 47
Car Salesman,,Salesman,A suited car salesman who visited Nobita's house. Had never sold a single car was turned down by Nobita's mom and slumped dejectedly in the empty lot.,Color Volume 4 Page 145; Complete Works Volume 10 Page 158
Shimayama Arara,,Manga Artist,The author of the popular manga 'Dr. Stop Abare-chan'. A bestselling manga artist published in Shonen Jabun Shonen Cabbage Shonen Holiday Shoen Champlo and Shonen King Kong.,TenComi Volume 31 Page 151
Shimura Family,,Reference,A name engraved on a tombstone in the haunted house Gian visited.,Complete Works Volume 4 Page 74
Sherlock Holmes,,Literary Character,A character from novels written by Conan Doyle. Solves cases brilliantly with outstanding deductive and observational skills. Appeared in a book Shizuka borrowed from the school library and is frequently referenced in conversation.,TenComi Volume 3 Page 38; TenComi Volume 22 Page 47; FF Land Volume 6 Page 4; TenComi Volume 32 Page 166; FF Land Volume 23 Page 47; FF Land Volume 40 Page 58; Complete Works Volume 2 Page 483; Complete Works Volume 6 Page 413; Complete Works Volume 11 Page 478
Gian,Goda Takeshi,Character,"Gian's nickname. See Goda Takeshi.",TenComi Volume 8 Page 58; FF Land Volume 10 Page 150; Complete Works Volume 2 Page 298
Gian (Opposite Planet),,Character,"Gian on the opposite planet discovered while observing the Globe. Wears a skirt and is bullied by Suneo to show his homework. Sat on the ground wiping tears with his skirt and crying. Could not do assigned homework and ran to Nobita (a genius on this planet) for help.",TenComi Volume 17 Page 87; FF Land Volume 26 Page 131; Complete Works Volume 6 Page 475
Gian's Cousin,,Character,Summons Nobita and friends to help with moving. A martial arts master holding judo 3rd dan kendo 5th dan boxing aikido and Shaolin kempo. Easily dispatched middle-school-aged Nobita with one hand.,TenComi Volume 29 Page 138; FF Land Volume 5 Page 189; Plus Volume 2 Page 137; Complete Works Volume 2 Page 359
Gian's Grandfather,,Family,Gian went to mow grass in the mountains with his grandfather as a part-time job.,TenComi Volume 10 Page 184; Long Series Volume 1 Page 28; Complete Works Volume 20 Page 148
Gian's Uncle (Judo Master),,Family,Visited Gian's house after ten years. A judo master.,TenComi Volume 36 Page 64; FF Land Volume 44 Page 106; Complete Works Volume 13 Page 506
Gian's Uncle (Temple Priest),,Family,Gian's relative serving as the chief priest of a mountain temple. Hosted Gian and friends for summer vacation but could not meet them due to a funeral in a neighboring village.,TenComi Volume 37 Page 158; FF Land Volume 45 Page 4; Complete Works Volume 11 Page 523
Gian's Aunt,,Family,Gian's aunt. Younger sister of Gian's mother.,TenComi Volume 3 Page 175; FF Land Volume 9 Page 65; Complete Works Volume 2 Page 267
Gian's Mother,,Family,Gian's mother. The person Gian fears most. Stops Gian's violent behavior with a single blow. Frequently asks Gian to help at the store.,TenComi Volume 1 Page 190; TenComi Volume 2 Page 83; TenComi Volume 4 Page 16; TenComi Volume 4 Page 154; TenComi Volume 7 Page 14; TenComi Volume 8 Page 91; TenComi Volume 9 Page 116; TenComi Volume 9 Page 132; TenComi Volume 9 Page 152; TenComi Volume 10 Page 43; TenComi Volume 10 Page 184; TenComi Volume 11 Page 20; TenComi Volume 12 Page 11; TenComi Volume 12 Page 70; TenComi Volume 12 Page 106; TenComi Volume 14 Page 41; TenComi Volume 14 Page 71; TenComi Volume 15 Page 50; TenComi Volume 15 Page 130; TenComi Volume 16 Page 72; TenComi Volume 17 Page 127; TenComi Volume 19 Page 49; TenComi Volume 19 Page 92; TenComi Volume 19 Page 114; TenComi Volume 19 Page 123; TenComi Volume 19 Page 160; TenComi Volume 19 Page 182; TenComi Volume 21 Page 136; TenComi Volume 22 Page 31; TenComi Volume 23 Page 45; TenComi Volume 20 Page 23; TenComi Volume 20 Page 41; TenComi Volume 20 Page 99; TenComi Volume 24 Page 101; TenComi Volume 27 Page 20; and many more...
Gian's Father,,Family,Gian's father. Runs a grocery store. Was once almost hit by a car and saved by Nobita.,TenComi Volume 1 Page 139; TenComi Volume 1 Page 190; TenComi Volume 4 Page 22; TenComi Volume 4 Page 172; TenComi Volume 22 Page 48; TenComi Volume 20 Page 24; FF Land Volume 4 Page 11; FF Land Volume 4 Page 172; FF Land Volume 8 Page 38; FF Land Volume 10 Page 18; FF Land Volume 13 Page 127; TenComi Volume 34 Page 17; FF Land Volume 23 Page 48; FF Land Volume 26 Page 102; FF Land Volume 42 Page 69; Plus Volume 3 Page 130; Complete Works Volume 1 Page 738; Complete Works Volume 2 Page 576; Complete Works Volume 3 Page 140; Complete Works Volume 4 Page 234; Complete Works Volume 6 Page 177; Complete Works Volume 6 Page 414; Complete Works Volume 10 Page 70; Complete Works Volume 11 Page 122; Complete Works Volume 14 Page 223; Plus Volume 6 Page 149
Gian (Another Planet),,Character,A boy on the planet Nobita traveled to using the Space Lifesaving Boat. Looks exactly like Gian from appearance to name.,TenComi Volume 32 Page 18; FF Land Volume 40 Page 16; Complete Works Volume 12 Page 454
Jaikel Makson,,Character,A person planning a concert in Japan. Extremely popular tickets completely sold out.,TenComi Volume 37 Page 22; FF Land Volume 45 Page 66; Complete Works Volume 12 Page 678
Jaiden,,Paper Sumo,The ring name of a paper sumo wrestler Gian made. Spring record: 8 wins 2 losses.,TenComi Volume 11 Page 16; FF Land Volume 16 Page 128; Complete Works Volume 8 Page 60
Jaitos,,Character,One of the Fantasy Three Swordsmen. Possesses immense strength. Fights the Demon Emperor Odorum alongside the Silver Swordsman. Played by Gian.,Long Series Volume 14 Page 67
Conductor (Mystery Train),,Character,The conductor of the Galaxy Railway Mystery Train.,Long Series Volume 16 Page 25
Conductor (Onboro Meda),,Character,The conductor of the Galaxy Railway train from Onboro Meda to Hatenosei Cloud. The train stopped at Earth because Nobita cut the Galaxy Railway Ticket.,TenComi Volume 20 Page 78
Company President,,Character,The president of Nobita's dad's company. Found New Year visitors annoying and escaped to Nobita's house. Ate drank napped in Nobita's room and made Nobita buy cigarettes annoying everyone.,TenComi Volume 11 Page 22; FF Land Volume 15 Page 30; Complete Works Volume 1 Page 740
Person Troubled by Debt,,Character,A man hiding from debt collectors inside a drainpipe in the empty lot. Borrowed 10000 yen but was demanded 1 million yen with exorbitant interest.,TenComi Volume 22 Page 92; FF Land Volume 30 Page 30; Complete Works Volume 10 Page 247
Debt Collector,,Character,A relentless person chasing those who borrowed money. Turned into a blue bird of fortune using the Chill-Chill Paint.,TenComi Volume 22 Page 93; FF Land Volume 30 Page 31; Complete Works Volume 10 Page 248
Jack (Beanstalk),,Character,The protagonist of the picture book 'Jack and the Beanstalk' that Nobita was reading. Climbed a grown beanstalk up to the clouds.,Color Volume 1 Page 20
Jack (Two Years Vacation),,Character,A character from 'Two Years Vacation' found at Dekisugi's house. Attacked by two large bears.,TenComi Volume 27 Page 103; FF Land Volume 37 Page 119; Complete Works Volume 13 Page 197
Jack (Captain Colt's Son),,Character,Son of the pirate Captain Colt. Younger than Nobita but possesses the wit and courage to survive in the forest with only a knife.,Long Series Volume 18 Page 7
Jack-kun,,Doll,Shizuka's boy doll. Stolen by a stray cat but picked up by a neighborhood girl. When sent searching via Doll Automation Waves he had an emotional reunion with Janie-chan but had already gotten together with Betty-chan and was chased by both.,TenComi Volume 43 Page 182
Janie-chan,,Doll,Shizuka's girl doll. Her companion doll Jack-kun went missing so she was sent searching via Doll Automation Waves. However Jack-kun had been picked up by another girl and was in a love triangle with Betty-chan.,TenComi Volume 43 Page 182
Jafar,,Historical Figure,A real historical figure from Arabian Nights. The vizier of the Abbasid Caliphate.,Long Series Volume 11 Page 46
Sharaku,,Reference,Written on a bookstore poster. Toshusai Sharaku.,TenComi Volume 27 Page 110; FF Land Volume 32 Page 92; Complete Works Volume 11 Page 350
Shareko-chan,,Character,A fashion-conscious girl who is sensitive to trends. Consequently she was quite troubled by Doraemon's gadget the Trendy Cat-Virus.,TenComi Volume 6 Page 19; FF Land Volume 20 Page 153; Complete Works Volume 2 Page 589
Jumbo,,Character,Sewashi's male friend. Looks just like Gian. Traveled to the Moon during summer vacation and toured craters.,TenComi Volume 21 Page 73; FF Land Volume 22 Page 19; Complete Works Volume 9 Page 331
Jumbos,,Demon,A demon serving the Demon Emperor Odorum. Has an elephant-like appearance. Can change body size freely and fly. Led the Water Spirit Army and Iron Spirit Army to attack Sharpero Castle to defeat the Silver Swordsman.,Long Series Volume 14 Page 58
Jukyuemon,,Character,Son of Juhachimon owner of Hotel Tsurureya. Disliking hotel work he hitchhiked away but was drawn home by the Come-Come Cat.,TenComi Volume 32 Page 45; FF Land Volume 40 Page 81; Complete Works Volume 8 Page 535
Juhachimon,,Character,Owner of Hotel Tsurureya with 300 years of history. The hotel had lost electricity water and all guests but was revived with Nobita and Doraemon's help.,TenComi Volume 32 Page 37; FF Land Volume 40 Page 73; Complete Works Volume 8 Page 527
June,,Character,A popular future celebrity. Appeared life-size in the February issue of Fourth Grade Elementary School 2125 supplementary 'June's House Set with Outfit Changes'.,TenComi Volume 10 Page 57; FF Land Volume 12 Page 49; Complete Works Volume 5 Page 319
Homework Ghost,,Character,A ghost that meticulously observed and recorded Nobita's summer vacation life. Its true identity was an alien conducting independent research on Earthling ecology during summer break.,FF Land Volume 3 Page 49; Complete Works Volume 1 Page 169
Judo,,Robot,A Mechatopia construction robot Nobita accidentally found at the North Pole. Equipped with powerful weaponry capable of pulverizing skyscrapers in an instant.,Long Series Volume 7 Page 26
Judo's Brain,,Robot,Judo's brain computer recovered by Nobita at the North Pole. A sphere with three small holes. Modified by Doraemon to become an ally. Was repeatedly hit by Nobita's mom with a broom.,Long Series Volume 7 Page 8
Schweitzer,,Historical Figure,Appears in the book 'Stories of Great People: Schweitzer' that Nobita's dad bought him. Albert Schweitzer. An Alsatian physician who lived for medicine and missionary work. Nobel Peace Prize laureate.,TenComi Volume 32 Page 151; FF Land Volume 40 Page 117; Complete Works Volume 11 Page 605
Defense Captain,,Military Commander,The captain of the army protecting Grimm City in the Yumirume Kingdom. Resisted the Demon Army's attack but was defeated by their magical power.,Long Series Volume 14 Page 89
Man Always First in Hunting Contest,,Character,A man who was listening to the sheriff recruitment explanation at Gunsmoke City. Approached with full confidence.,Long Series Volume 16 Page 75
Queen Ant,,Animal,A large black ant that Nobita saved. Built a fine nest in Nobita's yard.,TenComi Volume 25 Page 120; FF Land Volume 34 Page 7; Complete Works Volume 10 Page 476
Shopping Street Store Owners,,Character,Shop owners who came to protest the pretend shop game Nobita and Doraemon were running in the empty lot. Rumors spread that fallen leaves could be exchanged for new items attracting crowds and real shops stopped selling leading to a group protest at the Nobi household.,Color Volume 6 Page 139; Complete Works Volume 10 Page 156
Prince Shotoku,,Historical Figure,Appears in the book 'Prince Shotoku' that Nobita received as a Christmas present. Served as regent under Empress Suiko. Established the Seventeen-Article Constitution and the Twelve-Rank Cap System.,TenComi Volume 45 Page 85
Boy Rangers,,Character,The boy squad from the special effects epic 'Space Great Demon God' based on Dekisugi-kun's original work. A team of six played by Nobita Shizuka Dekisugi Suneo Yasuo and Haruo.,TenComi Volume 20 Page 174; FF Land Volume 27 Page 97; Complete Works Volume 9 Page 368
Too-Healthy Person,,Character,A person who does not catch cold even walking in just underwear in freezing winter. The person they like is a nurse so they wanted to catch a cold to become friends but never could. Overjoyed when they received a cold via the Cold Transfer Machine.,TenComi Volume 2 Page 149; FF Land Volume 8 Page 137; Complete Works Volume 3 Page 407
Manneken Pis,Shobenkozou,Statue,A Manneken Pis statue at a park. Given life by Ukki's Screw of Life.,Long Series Volume 17 Page 46
Director (OKERA-PRO),,Character,The director of OKERA-PRO. Negotiating with sponsors to prevent Space Tarzan from being cancelled but without success.,TenComi Volume 16 Page 173; FF Land Volume 21 Page 165; Complete Works Volume 7 Page 371
Shirakami-sama,,Deity,Said to bring drought prolonged rain and epidemics when angered. Lives in Yomi's cave said to connect to the land of the dead.,Long Series Volume 15 Page 81
Girl Like a White Lily,,Character,A girl Nobita's dad met during wartime. Received chocolate near dusk by a river. Features: fair skin long hair large round eyes. True identity was Nobita who had traveled to the past by time machine to confirm. Event from June 10 Showa 20 (1945).,TenComi Volume 3 Page 158; FF Land Volume 1 Page 120; Complete Works Volume 1 Page 136
Silk,,Fairy,A fairy who came to invite the Silver Swordsman Nobitaniyan. Supports the Silver Swordsman from the shadows. Played by Shizuka.,Long Series Volume 14 Page 31
Shiro,,Pet Dog,Shizuka's dog. Was a test subject for the Doron Leaf.,TenComi Volume 16 Page 96; FF Land Volume 30 Page 99; Complete Works Volume 5 Page 539
White King,,Character,A character from the musical 'Birth of Heaven'. Originally lived on Earth but moved to the heavens to avoid conflict.,Long Series Volume 12 Page 124
White Queen,,Character,The White King's queen. Originally lived on Earth but moved to the heavens to avoid conflict.,Long Series Volume 12 Page 124
Shiro-chan,,Cat,Doraemon's cat friend. Came to Doraemon for help because Tama-chan was being bullied by Kuro.,TenComi Volume 44 Page 123
White Cat,,Animal,A white cat that was always bullied by a black cat but the situation reversed with the Kachi-Kachi Camera.,TenComi Volume 22 Page 18; FF Land Volume 28 Page 116; Complete Works Volume 12 Page 140
White Goat,,Fairy Tale Character,Ate a letter from the Black Goat without realizing it was a letter. Got into an argument with the delivery person over not being told it was a letter beforehand. Wangel mediated and resolved it by asking the Black Goat to send another letter.,Long Series Volume 10 Page 35
Royal Guard,,Military,The royal guard led by King Harun al-Rashid. Surrounded and eliminated the desert thief gang Scorpion Guild.,Long Series Volume 11 Page 62
New World Department Store Salesperson,,Salesperson,The staff member who came to retrieve the Human Making Machine. Emerged from Nobita's desk drawer using the time machine.,TenComi Volume 8 Page 49; FF Land Volume 11 Page 101; Complete Works Volume 2 Page 541
Cinderella,,Fairy Tale Character,The protagonist of the Cinderella fairy tale known worldwide. Appeared in Shizuka's imagination unable to attend the royal ball and helped by Magical Girl Shizuka. Also came out of the Imaginary Person Egg and was made to mop floors by Nobita's mom. Appears in various other contexts as well.,TenComi Volume 26 Page 73; TenComi Volume 32 Page 115; FF Land Volume 40 Page 103; Complete Works Volume 13 Page 130
Sinbad,,Character,An adventure-loving sailor living in the Golden Palace of the Desert. Rescued a time traveler who was shipwrecked at sea and acquired numerous futuristic gadgets (his collection).,Long Series Volume 11 Page 4
Journalist (Space Lifesaving Boat),,Character,The father of the family that took care of Nobita and Doraemon on the planet they flew to via the Space Lifesaving Boat. Writing articles to expose a criminal syndicate his life was in danger.,TenComi Volume 21 Page 10; FF Land Volume 26 Page 55; Complete Works Volume 11 Page 205
Sue-chan,,Whale,A whale in the Antarctic Ocean seen through the Animal Observation Case. Kept at Nobita's house in the story.,TenComi Volume 29 Page 154; FF Land Volume 36 Page 7; Complete Works Volume 9 Page 644
Super Koarakko,,Character,The protagonist of a manga Nobita and friends love. Has the appearance of a koala wearing sunglasses.,TenComi Volume 44 Page 62
Super Dan,,TV Hero,A justice hero Gian admires. Apparently popular with children even in the future world.,TenComi Volume 3 Page 66; FF Land Volume 7 Page 76; Complete Works Volume 2 Page 254
Scout (Baseball),,Scout,A scout for the professional baseball team 'Yomeiri Giants'. Scouted Nobita after seeing his big home run. Negotiated with a 100 million yen contract but was turned down.,TenComi Volume 5 Page 148; FF Land Volume 2 Page 89; Complete Works Volume 1 Page 406
Sugata Kawaru,,Character,A boy who received a mysterious possession doll from an alien. Came to Doraemon for help to solve the mystery of a Momotaro photograph held by a foreigner.,TenComi Volume 9 Page 154; FF Land Volume 19 Page 4; Complete Works Volume 5 Page 240
Cat Doraemon Can't Help Loving,,Cat,A white cat Doraemon fell in love with. Wears a collar with a bell. Doraemon was so consumed by thoughts of this cat that he lost his appetite. They became friends running together on rooftops and purring together.,TenComi Volume 7 Page 48; FF Land Volume 16 Page 79; Complete Works Volume 1 Page 259
Scott,,Historical Figure,A character from the book 'Scott of the Antarctic' that Suneo owns. Robert Falcon Scott. British explorer who competed with Amundsen to reach the South Pole. Conducted excellent scientific surveys in Antarctica.,TenComi Volume 22 Page 98; FF Land Volume 30 Page 54; Complete Works Volume 9 Page 522
Sujiko Sujio,,Author,The author of 'The Mysterious Journey'.,TenComi Volume 10 Page 68; FF Land Volume 18 Page 19; Complete Works Volume 6 Page 217
Suzuki-san,,Reference,The house an old man asking Nobita for directions went to.,TenComi Volume 42 Page 177; Complete Works Volume 12 Page 715
Prime Minister Suzuki,,Political Figure,The Prime Minister of Japan. Requested dialogue by the Radio-Controlled Alien that Doraemon operated.,TenComi Volume 10 Page 80; FF Land Volume 15 Page 58; Complete Works Volume 3 Page 620
Bell Cricket Grandpa,,Character,An old man who well-meaning raised bell crickets and released them in the empty lot. When people heard the crickets chirping crowds rushed in and took them all leaving him distressed. He raised crickets from eggs in pots. Also planted flower seeds.,FF Land Volume 6 Page 124; Plus Volume 1 Page 170; Complete Works Volume 3 Page 462
Starfish,,Creature,Star-shaped fish swimming in the Milky Way of Meruhen Land.,TenComi Volume 39 Page 14; Complete Works Volume 14 Page 545
Starman,,TV Character,A robot from the TV show 'Starman' that Nobita and Doraemon were watching. Wears a cape and has a large star on his forehead.,FF Land Volume 14 Page 38; Color Volume 4 Page 99; Complete Works Volume 10 Page 107
Stallone,,Horse,Suneo's beloved horse. Ridden at Suneo's family ranch until the sun set on the horizon.,Long Series Volume 17 Page 6
Stanley,,Historical Figure,A character from the book 'Stanley's Expedition' that Suneo owns. Henry Morton Stanley. An American journalist and explorer. Also in the long story 'Nobita and the Great Frontier of Africa' Suneo steering a ship deep in Africa described himself using this name.,TenComi Volume 22 Page 98; FF Land Volume 30 Page 54; Complete Works Volume 9 Page 522
Stuart (Lachlan Stuart),,Character,Appeared in materials created by Nobitaro for the public debate 'Does Nessie Exist or Not?' Photographed the Loch Ness Monster.,TenComi Volume 6 Page 127
Abandoned Dog (Chain),,Animal,A puppy left tied with a leash in the empty lot. Disguised as its original owner using the Curse Tincture.,TenComi Volume 40 Page 37; Complete Works Volume 14 Page 473
Abandoned Dog (Puppy),,Animal,An abandoned puppy cared for by Nobita Shizuka and Suneo. Still young; kept in the empty lot until an owner was found.,Color Volume 4 Page 144; Complete Works Volume 10 Page 157
Well-Dressed Customer,,Customer,A well-dressed customer of Nobita's mom. While Nobita left the door open and went out to play Gian's dog Muk took his shoes. Loves puzzles.,Complete Works Volume 15 Page 65
Abandoned Kitten (Manga Apprentice),,Animal,A kitten abandoned in the empty lot. Newborn and very small. Taken in by a manga artist's apprentice.,TenComi Volume 32 Page 129; FF Land Volume 42 Page 59; Complete Works Volume 11 Page 545
Abandoned Kitten (Mi-chan),,Animal,A kitten abandoned in the empty lot. Picked up by Nobita's mom when wearing the Pitiful Medal and named 'Mi-chan.' The original owner later came to reclaim it.,Complete Works Volume 13 Page 401
Abandoned Kitten's Owner,,Character,The original owner of the kitten abandoned in the empty lot. A small girl who cried every day after the kitten was abandoned. Visited Nobita's mom with her own mother to reclaim it.,Complete Works Volume 13 Page 409
Abandoned Kitten's Owner's Mother,,Character,The mother of the kitten's original owner. Visited Nobita's mom with the owner's child to reclaim the kitten.,Complete Works Volume 13 Page 409
Suneo,Honekawa Suneo,Character,"Suneo's common name.","See Suneo references throughout the series"
Suneo (Opposite Planet),,Character,"Suneo on the opposite planet discovered while observing the Globe. Wears a skirt and bullies Gian to show his homework. Has frills on his shirt collar. Could not do assigned homework and ran to Nobita (a genius on this planet) for help.",TenComi Volume 17 Page 87; FF Land Volume 26 Page 131; Complete Works Volume 6 Page 475
Suneo's Cousin (Baseball),,Character,Suneo's cousin a boy who is good at baseball. Introduced by Suneo to Gian who did not want to be demoted to the second team of the Gianz.,TenComi Volume 11 Page 115; FF Land Volume 17 Page 59; Complete Works Volume 4 Page 497
Suneo's Uncle (Villa),,Family,Owns a villa with a river flowing behind it. Lots of fish can be caught there.,TenComi Volume 34 Page 167; FF Land Volume 42 Page 153; Complete Works Volume 10 Page 571
Suneo's Uncle (New York),,Family,Lives in New York. Childless; adopted Suneo's younger brother Sunetsugu. Wealthy with a pool and tennis court in his yard.,TenComi Volume 40 Page 132; Complete Works Volume 14 Page 362
Suneo's Uncle (Ship Captain),,Family,Suneo's uncle who works as a ship captain. Frequently sails to foreign countries for work.,TenComi Volume 7 Page 42; FF Land Volume 7 Page 118; Complete Works Volume 3 Page 126
Boy Playing with Suneo's Buttocks,,Character,A boy who was rolling and playing with Suneo's buttocks piece that fell off due to the Daruma Drop Hammer. A dog took it away while he was playing.,TenComi Volume 32 Page 108; FF Land Volume 40 Page 87; Complete Works Volume 14 Page 138
Suneo's Papa,,Family,Suneo's father. Company president and wealthy.,TenComi Volume 2 Page 151; TenComi Volume 3 Page 59; TenComi Volume 4 Page 22; TenComi Volume 6 Page 88; TenComi Volume 6 Page 114; TenComi Volume 7 Page 21; TenComi Volume 7 Page 58; TenComi Volume 8 Page 91; TenComi Volume 9 Page 42; TenComi Volume 16 Page 25; TenComi Volume 19 Page 176; TenComi Volume 21 Page 58; TenComi Volume 27 Page 46; TenComi Volume 28 Page 4; TenComi Volume 30 Page 14; TenComi Volume 30 Page 22; FF Land Volume 1 Page 86; FF Land Volume 2 Page 70; TenComi Volume 31 Page 57; TenComi Volume 31 Page 91; FF Land Volume 4 Page 74; FF Land Volume 4 Page 172; FF Land Volume 5 Page 23; FF Land Volume 6 Page 187; FF Land Volume 7 Page 68; FF Land Volume 7 Page 105; TenComi Volume 32 Page 6; FF Land Volume 8 Page 139; FF Land Volume 9 Page 41; FF Land Volume 11 Page 151; FF Land Volume 14 Page 48; FF Land Volume 15 Page 107; FF Land Volume 16 Page 18; FF Land Volume 19 Page 45; FF Land Volume 22 Page 4; and many more...
Suneo's Great-Grandmother,,Family,Suneo's father's grandmother. Came from the countryside for the first time in a while. 93 years old.,TenComi Volume 22 Page 35; FF Land Volume 32 Page 109; Complete Works Volume 7 Page 455
Suneo's Mama,,Family,Suneo's mother. Calls Suneo 'Sne-sama' and spoils him considerably though occasionally shows educational enthusiasm. Dislikes superstition. Attends a high-end French cuisine cooking school. Her cooking teacher praised her as 'Madame Honekawa is a genius!' Uses 'zamasu' as a verbal tic.,TenComi Volume 1 Page 51; TenComi Volume 1 Page 62; TenComi Volume 2 Page 83; TenComi Volume 2 Page 97; TenComi Volume 3 Page 29; TenComi Volume 3 Page 59; TenComi Volume 3 Page 64; TenComi Volume 4 Page 69; TenComi Volume 4 Page 97; TenComi Volume 4 Page 115; TenComi Volume 5 Page 51; TenComi Volume 6 Page 88; TenComi Volume 7 Page 58; TenComi Volume 7 Page 161; TenComi Volume 9 Page 42; TenComi Volume 10 Page 144; TenComi Volume 10 Page 169; TenComi Volume 12 Page 27; TenComi Volume 15 Page 59; TenComi Volume 15 Page 88; TenComi Volume 16 Page 25; TenComi Volume 16 Page 72; TenComi Volume 16 Page 85; TenComi Volume 16 Page 137; TenComi Volume 18 Page 27; TenComi Volume 19 Page 176; TenComi Volume 21 Page 58; TenComi Volume 22 Page 38; TenComi Volume 22 Page 159; TenComi Volume 20 Page 40; TenComi Volume 20 Page 69; TenComi Volume 26 Page 60; TenComi Volume 27 Page 10; TenComi Volume 27 Page 34; TenComi Volume 27 Page 185; and many more...
Suneo's Mama's Friend,,Character,A woman who was complimenting each other's kimono with Suneo's mom. Made to quarrel through the Co-be-a-be effect.,TenComi Volume 1 Page 62; FF Land Volume 9 Page 8; Complete Works Volume 2 Page 249
Suneo (Another Planet),,Character,A boy on the planet Nobita traveled to using the Space Lifesaving Boat. Looks exactly like Suneo from appearance to name.,TenComi Volume 32 Page 18; FF Land Volume 40 Page 16; Complete Works Volume 12 Page 454
Suneo-yama,,Paper Sumo,The ring name of a paper sumo wrestler Suneo made. Spring record: 6 wins 4 losses.,TenComi Volume 11 Page 15; FF Land Volume 16 Page 127; Complete Works Volume 8 Page 59
Sunekichi,,Character,Suneo's cousin. Has repeatedly created high-performance original radio-controlled models and given them to Suneo. Frequently appears as a trip leader. Can drive cars and small boats taking Suneo and friends to various places. RC piloting is pro-level operating 4 units independently with 12 channels. His room has ship and airplane models displayed with vices and crafting tools. Also a surfing expert. Has enough wealth to purchase a Lamborghini Countach. Truly a genius of models and play.,TenComi Volume 14 Page 167; TenComi Volume 18 Page 77; TenComi Volume 19 Page 22; TenComi Volume 23 Page 171; TenComi Volume 28 Page 160; TenComi Volume 29 Page 97; TenComi Volume 32 Page 49; TenComi Volume 33 Page 46; Long Series Volume 6 Page 11; FF Land Volume 22 Page 159; FF Land Volume 23 Page 61; FF Land Volume 26 Page 144; Long Series Volume 7 Page 4; FF Land Volume 33 Page 154; FF Land Volume 35 Page 4; TenComi Volume 39 Page 61; FF Land Volume 40 Page 137; FF Land Volume 41 Page 76; TenComi Volume 42 Page 105; Color Volume 1 Page 80; Plus Volume 3 Page 7; Color Volume 6 Page 20; Complete Works Volume 6 Page 478; Complete Works Volume 7 Page 323; Complete Works Volume 10 Page 100; Complete Works Volume 10 Page 136; Complete Works Volume 10 Page 281; Complete Works Volume 10 Page 544; Complete Works Volume 11 Page 60; Complete Works Volume 11 Page 667; Complete Works Volume 11 Page 721; Complete Works Volume 12 Page 373; Complete Works Volume 13 Page 48; Complete Works Volume 13 Page 240; Complete Works Volume 14 Page 97; and many more...
Sunetaro,,Character,Always being made to cry by Nobisuke.,TenComi Volume 6 Page 164; FF Land Volume 6 Page 44; Complete Works Volume 1 Page 634
Sunetaro's Mama,,Family,Came to the Nobi household to protest because her son Sunetaro is always being made to cry by Nobisuke.,TenComi Volume 6 Page 163; FF Land Volume 6 Page 43; Complete Works Volume 1 Page 633
Sunetsugu,,Family,Suneo's younger brother. Adopted at a young age by Suneo's uncle in New York who has no children.,FF Land Volume 1 Page 48; FF Land Volume 4 Page 181; FF Land Volume 6 Page 132; TenComi Volume 40 Page 131; Color Volume 5 Page 16; Plus Volume 3 Page 75; Complete Works Volume 1 Page 553; Complete Works Volume 2 Page 57; Complete Works Volume 4 Page 84; Complete Works Volume 14 Page 361
Sunemaru,,Historical Figure,A Sengoku-era soldier and Suneo's ancestor. Quite skilled with a bow taking down a large boar with one shot. During battle he was captured and nearly killed but was saved by Nobita. He took credit for Nobita's achievement and became a retainer.,TenComi Volume 1 Page 102; FF Land Volume 2 Page 9; Complete Works Volume 1 Page 355
Sunemaru's Father,,Historical Figure,A Sengoku-era soldier and Suneo's ancestor. Sunemaru's father. Rode a fine horse and headed to battle highly motivated saying he would earn the lord's praise.,TenComi Volume 1 Page 102; FF Land Volume 2 Page 9; Complete Works Volume 1 Page 355
Sunemaro,,Character,The best doctor in the capital. Completely cured the Right Minister's illness.,Long Series Volume 15 Page 118
Viscount Sunemisu,,Character,One of the Fantasy Three Swordsmen. The greatest swordsman in the land. Fights the Demon Emperor Odorum alongside the Silver Swordsman. Played by Suneo.,Long Series Volume 14 Page 61
Suner,,Primitive Human,A Stone Age primitive. Treated Nobita like a monkey put a rope around his neck and dragged him around.,TenComi Volume 7 Page 101; FF Land Volume 6 Page 153; Complete Works Volume 2 Page 195
Captain Sunewaka,,Military Commander,A soldier serving Princess Hime. Led his men to Mt. Futatsu to search for the Sacred Blade. Looks like Suneo.,Long Series Volume 15 Page 85
Spy,,Villain,A spy from an unnamed country. Came to abduct Nobita to make him create a secret weapon. Attempted to kill the uncooperative Nobita.,TenComi Volume 5 Page 150; FF Land Volume 2 Page 91; Complete Works Volume 1 Page 408
General Spaidol,,Demon,A demon serving the Demon Emperor Odorum. Has a spider-like appearance. Wields six poison swords with six arms. Led the Earth Spirit Army to attack Ander City in the Yumirume Kingdom.,Long Series Volume 14 Page 136
Princess Spiana,,Princess,A princess in the kingdom waiting for Prince Kuntak's return.,Long Series Volume 3 Page 142
Spielberger,,Character,The director of the SF epic 'Jurassic Planet' dream cassette for the Freestyle Dreaming Machine.,Long Series Volume 14 Page 21
Sporting Goods Store President,,Character,Was in the restroom before an important business meeting. Having no toilet paper Nobita gave him newspaper resolving the crisis. Gave Nobita a glove as thanks.,TenComi Volume 13 Page 67; FF Land Volume 16 Page 8; Complete Works Volume 7 Page 154
Smith-kun,,Character,Dekisugi's pen friend.,TenComi Volume 40 Page 4
Sumire-san,,Family,Nobita's cousin. Lives in Hokkaido.,TenComi Volume 27 Page 55
Zuruki,Kidataro Takao,Character,Nobitaro's friend. Nickname of Kidataro Takao.,TenComi Volume 4 Page 48
Zuruki's Mama,,Family,Zuruki's mother. Woken up at night by Nobitaro who brought Nessie to their house.,TenComi Volume 6 Page 137
Suwa Mitsuo,,Character,A boy with Perman 1's face. Fan of Hoshino Sumire. In 'DoraQ Perman' he is called Mitsuo.,TenComi Volume 24 Page 119; FF Land Volume 33 Page 125; Complete Works Volume 8 Page 521; Complete Works Volume 20 Page 278
Western Man,,Character,A strong man who applied for sheriff at Gunsmoke City. The first to shoot at the shooting contest that Nobita started.,Long Series Volume 16 Page 77
Western Gunman,,Character,A gunman who was an extra in the Galaxy Super Express Western movie. Encountered Nobita in the meeting room and suddenly fired at him.,Long Series Volume 16 Page 34
Tax Office Clerk,,Character,Investigated Nobi household land that expanded using the Dust Accumulation Machine. Middle-parted hair wears glasses and suit holds paper with pinky finger raised. Nobita's mom got angry saying 'Massive tax evasion!!',Plus Volume 6 Page 35
Green Dragon King,,Character,A character from the musical 'Birth of Heaven'. Rules the western continent. Tried to conquer the White King's green lush country.,Long Series Volume 12 Page 126
Spirit King Gigazombie,,Demon,Immortal spirit king controlling storms and lightning. Created the eternal dynasty to rule Earth came to Würm Ice Age 70000 years ago. True identity is Dr. Yamada.,Long Series Volume 9 Page 79
Spirit Great King Dorazonbi,,Character,The name Doraemon claimed to be as a sorcerer in the world 70000 years ago.,Long Series Volume 9 Page 87
World Peace and Safety Association Member,,Student,Two students from the organization headquartered at Kuzure-so Polite speech but threaten with 'very bad things will happen if you don't pay money.',FF Land Volume 3 Page 31; Complete Works Volume 2 Page 553
Setaka-san,,Character,Tall person living behind. Saw umbrella floating high when hit by radiation from the 'Find Owner Machine' proved to be their umbrella.,FF Land Volume 14 Page 190; Complete Works Volume 7 Page 288; Plus Volume 6 Page 168
Setsu-chan,,Character,Friend of Nobita's mom. Called on the phone after a long time.,TenComi Volume 27 Page 184; FF Land Volume 37 Page 16; Complete Works Volume 9 Page 694
Geppetto,,Literary Character,A character from the picture book 'Pinocchio' that Nobita owns. Flew on a raft escaping from Pinocchio and the strange fish's mouth.,Long Series Volume 11 Page 23
Self Mask,,Character,The name Nobita claimed when wearing costume from last year's play and going back one day to help himself using Time Machine. Named 'Self Mask' because he's the self-service hero.,TenComi Volume 12 Page 65; FF Land Volume 11 Page 91; Complete Works Volume 4 Page 505
000 Number 9,,Character,A parasite (Yadoki) that parasitized Suneo.,Long Series Volume 16 Page 139
000 One,,Character,A parasite (Yadoki) that took over the body of a communication officer at the Tachyon Communication Tower in Dreamersland.,Long Series Volume 16 Page 110
008 Number,,Character,A parasite (Yadoki) that attached to Aston who was heading to the dinosaur star in Dreamersland.,Long Series Volume 16 Page 101
Sewashi's Friend (Shizuka-like),,Character,Sewashi's female friend. Looks exactly like Shizuka. Traveled to Mars during summer vacation.,TenComi Volume 21 Page 73; FF Land Volume 22 Page 19; Complete Works Volume 9 Page 331
Sewashi's Friend (Suneo-like),,Character,Sewashi's male friend. Looks exactly like Suneo. Traveled around the solar system during summer vacation.,TenComi Volume 21 Page 73; FF Land Volume 22 Page 19; Complete Works Volume 9 Page 331
Sewashi's Mama,,Family,Sewashi-kun's mother. Called Sewashi-kun who went to Nobita's room through the time machine.,FF Land Volume 1 Page 180; Complete Works Volume 1 Page 60; Complete Works Volume 1 Page 78
Teacher,,Teacher,Nobita's homeroom teacher. Headside hair always cropped. Scolds Nobita who sleeps in class and forgets homework frequently. Sometimes visits students' homes unannounced. Lived in Shiawase-So apartment then moved to detached house.,TenComi Volume 1 Page 43; TenComi Volume 1 Page 92; TenComi Volume 1 Page 131; TenComi Volume 1 Page 181; TenComi Volume 3 Page 121; TenComi Volume 5 Page 69; TenComi Volume 5 Page 115; TenComi Volume 5 Page 142; TenComi Volume 5 Page 157; TenComi Volume 7 Page 157; TenComi Volume 9 Page 5; TenComi Volume 9 Page 100; TenComi Volume 10 Page 81; TenComi Volume 11 Page 52; TenComi Volume 13 Page 50; TenComi Volume 13 Page 140; TenComi Volume 15 Page 8; TenComi Volume 15 Page 70; TenComi Volume 15 Page 130; TenComi Volume 16 Page 10; TenComi Volume 16 Page 141; TenComi Volume 17 Page 72; TenComi Volume 18 Page 24; TenComi Volume 18 Page 67; TenComi Volume 21 Page 119; TenComi Volume 22 Page 25; TenComi Volume 22 Page 88; TenComi Volume 22 Page 144; TenComi Volume 23 Page 51; TenComi Volume 23 Page 107; TenComi Volume 23 Page 177; TenComi Volume 20 Page 58; TenComi Volume 20 Page 70; TenComi Volume 20 Page 109; TenComi Volume 24 Page 77; and many more...
Teacher (Another Planet),,Character,A boy on the planet Nobita traveled to using the Space Lifesaving Boat. Looks exactly like Teacher from appearance to name. Lesson content more elementary than Earth and Nobita is a genius on this planet. Was amazed at his abilities.,TenComi Volume 32 Page 18; FF Land Volume 40 Page 16; Complete Works Volume 12 Page 454
Captain (Patrol Ship),,Ship Captain,A clumsy patrol ship captain. Wrong route and wandered in Arctic Sea but accidentally discovered Bricken Island where Sapio and others boarded.,Long Series Volume 13 Page 103
Captain (Antarctic Expedition),,Ship Captain,Captain of the airship that carried the second Antarctic expedition.,Long Series Volume 15 Page 163
Captain (Inca Gold),,Ship Captain,March 1534 sailed carrying Inca gold but sank with ship in storm two days later.,Long Series Volume 4 Page 87
National Delivery Salesman,,Salesman,A scary-looking man who came to push sales at Nobita's house. Chased away by the 'Care Rope'.,TenComi Volume 27 Page 58
Immortal Robot,,Robot,A robot from the 'Immortal Easy Course'. Lost supernatural powers after seeing Shizuka's pants fell from cloud and self-destructed.,TenComi Volume 43 Page 81
Chief Commander,,Leader,Nimu-gē leader. Large cape from mask horns on mask emblem on chest. Believes space exists for humans found rich animal twin-star planet and began invasion. Advanced with iron vehicles on Animal Planet.,Long Series Volume 10 Page 160
Stranded Person (Mountaineering),,Character,Stranded person discovered while operating 'Fault Vision'. Buried in snow halfway up Mount Yari-ga-mine. Saved by Nobita and Doraemon.,TenComi Volume 36 Page 150; FF Land Volume 44 Page 172; Complete Works Volume 14 Page 422
Stranded Person (Desert),,Character,Male stranded in Sahara Desert. Happily shown on 'Tourism Vision'. Doraemon and Nobita tried to rescue but plane discovered them first.,TenComi Volume 16 Page 139; FF Land Volume 22 Page 37; Complete Works Volume 5 Page 483
Prime Minister,,Political Leader,Requested meeting with genius Nobita of the world created by 'Awakening Pillow'.,TenComi Volume 5 Page 149; FF Land Volume 2 Page 90; Complete Works Volume 1 Page 407
Soji (Vacuum Cleaner),,Pet Vacuum,Nobita turned vacuum cleaner into pet using 'Peter'. Became depressed after being scolded by mom and ran away.,Plus Volume 3 Page 163
Sokonashi-san,,Character,Nobita's dad's friend who loves alcohol. When coming to Nobita's house drinks until morning which bothers Nobita's mom.,TenComi Volume 13 Page 115; FF Land Volume 18 Page 8; Complete Works Volume 6 Page 318
Identical Pet Food Employee,,Salesperson,Bird wearing silk hat butterfly tie and suit. Came to collect payment for 'Identical Pet Food'.,Complete Works Volume 17 Page 383; Plus Volume 6 Page 176
Sorano-san,,Character,Broke up with Kawaguchi-san once but after seeing Kawaguchi chase away the persistent 'Reporter Robot' continued relationship and later got engaged.,TenComi Volume 40 Page 77; Complete Works Volume 13 Page 563
Sun Wukong,,Literary Character,Came from 'Imaginary Person Egg'. Flew to station supermarket on golden cloud for Nobita's mom's errand. Appears as TV character too.,FF Land Volume 29 Page 71; TenComi Volume 40 Page 46; Color Volume 4 Page 136; Complete Works Volume 12 Page 100
Village Chief,,Village Leader,Donjara Village chief. Whoi's father from dwarf tribe.,TenComi Volume 35 Page 185
