Magazine code,Date,English title,Japanese title,English Kindle,Bilingual Print,Tankōbon,Complete Collection,1979 anime,,2005 anime,,,Movie,,Short film,Notes
YK,1970-01,A Doraemon for You,ドラえもんあげる,Vol 197,,Vol 0,Vol 18,,,,,,,,,
KG,1970-01,Meet Doraemon,ドラえもんがやってきた,Vol 196,,Vol 0,Vol 18,,,,,,,,,
G1,1970-01,Doraemon's Debut!,ドラえもん登場！,Vol 174,,Vol 0,Vol 2,,,,,,,,,
G2,1970-01,Doraemon: the Robot from the Future,未来から来たドラえもん,Vol 168,,Vol 0,Vol 1,,,,,,,,,
G3,1970-01,Doraemon's Desk-Drawer Debut,机からとび出したドラえもん,Vol 172,,Vol 0,Vol 1,,,,,,,,,
G4,1970-01,All the Way From the Future,未来の国からはるばると,Vol 1,Vol 1-1,Vol 1,Vol 1,Special (Ep 234B),Ep 1694,Ep 44 (87),,,Stand by Me Doraemon,,,
YK,1970-02,Turning Invisible,ひっぱると消えるしっぽ,Vol 197,,,Vol 18,,,,,,,,,
KG,1970-02,The Robo-Pen,ロボットえんぴつ,Vol 196,,,Vol 18,,,Ep 10 (Short),,,,,,
G1,1970-02,The Never-misser,アタールガン,Vol 174,,,Vol 2,,,,,,,,,
G2,1970-02,Baseball Dream Team,やきゅうそうどう,Vol 173,,,Vol 1,,,,,,,,,
G3,1970-02,My Beloved Little G,愛妻ジャイ子！？,Vol 172,,Vol 0,Vol 1,,,,,,,,,
G4,1970-02,The Prophesies of Doraemon,ドラえもんの大予言,Vol 21,Vol 3-5,Vol 1,Vol 1,Ep 7,,Ep 16A (31),,,,,,
YK,1970-03,Playing Flat,ペタンコになって遊ぼう,Vol 197,,,Vol 18,,,Ep 6 (Short),,,,,,
KG,1970-03,Cake Farmers,ケーキを育てよう,Vol 196,,,Vol 18,,,,,,,,,
G1,1970-03,The Time TV,タイムテレビ,Vol 174,,,Vol 2,,,,,,,,,
G2,1970-03,The Okey Mikey,オーケーマイク,Vol 173,,,Vol 1,Ep 403,,,,,,,,
G3,1970-03,Noby Gets Strong,のび太が強くなる,Vol 172,,,Vol 1,,,,,,,,,
G4,1970-03,The Street Fighting Set,けんかマシン,Vol 172,,,Vol 1,Ep 413,,,,,,,,
YK,1970-04,The String Travel Phone,すいこむ糸電話,Vol 197,,,Vol 18,,,Ep 13 (Short),,,,,,
KG,1970-04,Fishing with Gadgets,ふしぎな道具で魚つり,Vol 196,,,Vol 18,,,,,,,,,
G1,1970-04,Scaredy Cat,ねずみこわーい,Vol 176,,,Vol 3,,,,,,,,,
G2,1970-04,Sticky Shoes and Grabby Gloves,ペタリぐつとペタリ手ぶくろ,Vol 175,,,Vol 2,,,,,,,,,
G3,1970-04,The Comic Artist,まんが家,Vol 174,,,Vol 1,Ep 374,,,,,,,,
G4,1970-04,The Homing Camera,おいかけテレビ,Vol 143,,Vol +1,Vol 1,Ep 398,,,,,,,,
YK,1970-05,As Seen on TV,テレビからお客さま,Vol 197,,,Vol 18,,,,,,,,,
KG,1970-05,The Anything Egg,なんでもたまごに…,Vol 196,,,Vol 18,,,,,,,,,
G1,1970-05,,ドラえもん対ガチャ子,,,,Vol 3,Ep 432,,,,,,,,
G2,1970-05,,ロボットのガチャ子,,,,Vol 2,,,,,,,,,
G3,1970-05,Dinosaur Hunters,恐竜ハンター,Vol 24,,Vol 2,Vol 1,Ep 8,,Ep 390 (668),,,,,,
G4,1970-05,Spy Games,㊙スパイ大作戦,Vol 22,,Vol 1,Vol 1,Ep 26,,Ep 6A (11),,,,,,
YK,1970-06,The Patrol Car,パトロールカー,Vol 197,,,Vol 18,,,,,,,,,
KG,1970-06,The Super Toothbrush,歯みがきで強くなろう,Vol 196,,,Vol 18,,,,,,,,,
G1,1970-06,,きょうりゅうが来た,,,,Vol 3,Ep 420,,,,,,,,
G2,1970-06,The Spook Detector,お化けたん知機,Vol 168,,,Vol 2,Ep 373,,Ep 492A (869),,,,,,
G3,1970-06,From Hunter… to Warlord?,ご先祖さまがんばれ,Vol 21,,Vol 1,Vol 1,Ep 24,Ep 1639,Ep 20 (39),Ep 467A (823),,,,,
G4,1970-06,The White Lily Girl,白ゆりのような女の子,Vol 4,,Vol 3,Vol 1,Ep 34,,Ep 16B (32),,,,,,
YK,1970-07,Mysterious Mirror,ふしぎなかがみ,Vol 197,,,Vol 18,,,,,,,,,
KG,1970-07,Robot Legs,ロボット足,Vol 196,,,Vol 18,,,,,,,,,
G1,1970-07,,まほうのかがみ,,,,Vol 3,Ep 412,,,,,,,,
G2,1970-07,The Wishing Star,ねがい星,Vol 44,Vol 2-2,Vol 10,Vol 2,Ep 64,Ep 1207,Ep 253A (407),Ep 528B (938),,,,,
G3,1970-07,The Antique-o-Matic,古道具きょう争,Vol 21,,Vol 1,Vol 1,Ep 31,Ep 848,Ep 18A (35),,,,,,
G4,1970-07,The Robot God of Fortune,ロボット福の神,Vol 173,,,Vol 1,Ep 1597,,,,,,,,
YK,1970-08,The Flying Zoo,空とぶ動物園,Vol 197,,,Vol 18,,,,,,,,,
KG,1970-08,Swimming in Pictures,絵の中で海水浴,Vol 196,,,Vol 18,,,,,,,,,
G1,1970-08,I Wanna Be a Dog,いぬになりたい,Vol 177,,,Vol 3,Ep 435,,,,,,,,
G2,1970-08,The Beach in the Closet,ふしぎな海水浴,Vol 168,,,Vol 2,Ep 1594,,,,,,,,
G3,1970-08,Do-it Drops,ソーナルじょう,Vol 26,Vol 3-6,Vol 3,Vol 1,Ep 151,,Ep 55A (109),,,,,,
G4,1970-08,The Peeping Ghost,のぞきお化け,Vol 173,,,Vol 1,,,,,,,,,
YK,1970-09,Firework Seeds,花火のたね,Vol 197,,,Vol 18,,,Ep 8 (Short),,,,,,
KG,1970-09,The Mail-bot,ゆうびんロボット,Vol 196,,,Vol 18,,,,,,,,,
G1,1970-09,Ultradog,ウルトラワン,Vol 177,,,Vol 3,,,,,,,,,
G2,1970-09,The Tickle Me Flea,くすぐりノミ,Vol 168,,,Vol 2,Ep 1595,,,,,,,,
G3,1970-09,The Dreamflipper Pillow,うつつまくら,Vol 31,,Vol 5,Vol 1,Ep 210,Ep 1192,Ep 61B (122),,,,,,
G4,1970-09,"I, Luh, Luh, Love You!",ああ、好き、好き、好き！,Vol 26,,Vol 3,Vol 1,Ep 22,,Ep 23A (44),,,,,,
YK,1970-10,The Wind Rocket,風のロケット,Vol 197,,,Vol 18,,,,,,,,,
KG,1970-10,The Personal Train,せん用電車で行こう,Vol 196,,,Vol 18,,,,,,,,,
G1,1970-10,Dreams,ゆめ,Vol 177,,,Vol 3,Ep 425,,,,,,,,
G2,1970-10,The Gravity Twister,引力ねじ曲げ機,Vol 175,,,Vol 2,Ep 386,,,,,,,,
G3,1970-10,The Curse Camera,のろいのカメラ,Vol 10,Vol 2-5,Vol 4,Vol 1,Ep 11,,Ep 12B (23),,,,,,
G4,1970-10,The Conscience Cricket,ペコペコバッタ,Vol 13,,Vol 1,Vol 1,Ep 32,Ep 1181,Ep 21A (40),Ep 697B (1217),,,,,
YK,1970-11,Making Things Bigger,なんでも大きくなるライト,Vol 198,,,Vol 18,,,,,,,,,
KG,1970-11,The Jump Bow,ジャンプゆみ,Vol 196,,,Vol 18,,,,,,,,,
G1,1970-11,,おかしなでんぱ,,,,Vol 3,,,,,,,,,
G2,1970-11,The People Puppeteer,人間あやつり機,Vol 40,,Vol 9,Vol 2,Ep 143,Ep 1411,Ep 803A (1377),,,,,,
G3,1970-11,Memories of Grandma,おばあちゃんのおもいで,Vol 4,Vol 1-1,Vol 4,Vol 1,Ep 43–44,Special (Ep 847B),Ep 54B (107),Ep 256 (412),,Stand by Me Doraemon 2,,A Grandmother's Recollections,
G4,1970-11,Memory Mallet,わすれとんかち,Vol 29,Vol 2-2,Vol 5,Vol 1,Ep 129,,Ep 484A (854),,,,,,
YK,1970-12,The Magic Zip,マジックチャック,Vol 198,,,Vol 18,,,Ep 9 (Short),Ep 594B (1055),,,,,
KG,1970-12,Building a Robot,ロボットを作ろう,Vol 196,,,Vol 18,,,,,,,,,
G1,1970-12,Walking through Walls,かべぬけき,Vol 177,,,Vol 3,Ep 421,,,,,,,,
G2,1970-12,Iron Drops,ガンじょう,Vol 175,,,Vol 2,Ep 389,,,,,,,,
G3,1970-12,The Psychic Cap,エスパーぼうし,Vol 36,Vol 1-2,Vol 7,Vol 1,Ep 152,Ep 1380,Ep 444A (779),,,,,,
G4,1970-12,The Time Kerchief,タイムふろしき,Vol 24,Vol 3-2,Vol 2,Vol 1,Ep 17,Ep 1381,Ep 5A (9),Ep 554A (985),,,,,
YK,1971-01,Ricecake Robots,もちつきロボット,Vol 198,,,Vol 18,,,,,,,,,
KG,1971-01,Magic Pictures,ふしぎなお絵かき,Vol 196,,,Vol 18,,,,,,,,,
G1,1971-01,Wallpaper Party,かべ紙の中で新年会,Vol 40,,Vol 9,Vol 3,Ep 493,,Ep 33B (66),,,,,,
G2,1971-01,Silly Pepper,ネンドロン,Vol 168,,,Vol 2,,,Ep 388A (664),,,,,,
G3,1971-01,The Eyes Have It,ねこの手もかりたい,Vol 36,,Vol 7,Vol 1,Ep 382,,,,,,,,
G3,1971-01,,ドラえもんのおとしだま,,,,Vol 1,,,,,,,,,Bonus comic drawn to promote a manga contest.
G4,1971-01,Nobizaemon's Secret,のび左エ門の秘宝,Vol 28,,Vol 4,Vol 1,Ep 189,,Ep 155 (278),,,,,,
YK,1971-02,The Magic Rope,なんでもロープ,Vol 198,,,Vol 18,,,Ep 5 (Short),,,,,,
KG,1971-02,Cloud-Skis and Cloud-Shoes,雲スキーと雲ぐつ,Vol 196,,,Vol 18,,,,,,,,,
G1,1971-02,The Magic Magnifying Glass,虫めがね,Vol 177,,,Vol 3,Ep 422,,,,,,,,
G2,1971-02,The Flubag,かぜぶくろ,Vol 168,,,Vol 2,Ep 638,,Ep 422B (738),,,,,,
G3,1971-02,Doraemon's Double Trouble,ドラえもんだらけ,Vol 29,Vol 2-4,Vol 5,Vol 1,Ep 1144,,Ep 9A (16),Ep 240A (389),,,,,
G4,1971-02,Do You Love Me-ow?,好きでたまらニャい,Vol 34,Vol 2-3,Vol 7,Vol 1,Ep 308,,Ep 10A (18),Ep 798A (1369),,,,,
YK,1971-03,What Time is It?,いま、なん時？,Vol 198,,,Vol 18,,,,,,,,,
KG,1971-03,"Paper, Rock... Box?",じゃんけん箱,Vol 196,,,Vol 18,,,,,,,,,
G1,1971-03,The Magic Clock,まほうのとけい,Vol 177,,,Vol 3,Ep 465,,,,,,,,
G2,1971-03,Forget-me-lots,わすれろ草,Vol 40,,Vol 9,Vol 2,Ep 284,Ep 1197,Ep 400B (686),,,,,,
G3,1971-03,A High-Speed Slow-Down,のろのろ、じたばた,Vol 5,Vol 1-2,Vol 5,Vol 1,Ep 168,,Ep 2A (4),Ep 409A (710),,,,,
G4,1971-03,Doraemon Goes Home,ドラえもん未来へ帰る,Vol 173,,,Vol 1,,,,,,,,,
YK,1971-04,Air Crayon Crazy,空気クレヨンで大さわぎ,Vol 198,,,Vol 18,,,,,,,,,
G1,1971-04,Instant Pitfall,そくせきおとしあな,Vol 179,,,Vol 4,,,,,,,,,
G2,1971-04,The Magic Map,まほうの地図,Vol 155,,Vol +5,Vol 3,,,Ep 909A (1511),,,,,,
G3,1971-04,The Robot Car,ロボット・カー,Vol 168,,,Vol 2,Ep 1598,,,,,,,,
G4,1971-04,Time Crime Tracker,タイムマシンで犯人を,Vol 55,Vol 1-5,Vol 15,Vol 1,Ep 54,,Ep 397B (679),,,,,,
G1,1971-05,Magic Faucet,まほうのじゃぐち,Vol 179,,,Vol 4,Ep 445,,Ep 15 (Short),,,,,,
G2,1971-05,Flying Fish,空とぶさかな,Vol 34,Vol 1-2,Vol 7,Vol 3,Ep 196,,Ep 308A (505),,,,,,
G3,1971-05,The Trick-less Trick,たねのない手品,Vol 175,,,Vol 2,,,,,,,,,
G4,1971-05,The Lying Mirror,うそつきかがみ,Vol 14,Vol 3-2,Vol 2,Vol 1,Ep 123,,Ep 274B (445),Ep 533A (947),,,,,
G1,1971-06,Shadow Puppets,かげえごっこ,Vol 179,,,Vol 4,Ep 598,,,,,,,,
G2,1971-06,The Vend-Anything Machine,役立つもの販売機,Vol 176,,,Vol 3,Ep 1169,,Ep 585B (1042),,,,,,
G3,1971-06,The X-Ray Scope,スケスケ望遠鏡,Vol 28,,Vol 4,Vol 2,Ep 260,,,,,,,,
G4,1971-06,Lionman's Big Jam,あやうし！ライオン仮面,Vol 2,Vol 3-6,Vol 3,Vol 1,Ep 191,Ep 1365,Ep 25A (48),Ep 625B (1094),,,,,
G1,1971-07,The Disguise Suit,変装服,Vol 179,,,Vol 4,,,,,,,,,
G2,1971-07,The Truthbeaker,ソノウソホント,Vol 27,Vol 3-2,Vol 4,Vol 3,Ep 74,Ep 1410,Ep 264A (426),,,,,,
G3,1971-07,The Reversifier,アベコンベ,Vol 27,Vol 1-1,Vol 4,Vol 2,Ep 184,,Ep 212A (351),Ep 878A (1473),,,,,
G4,1971-07,Shadowhunting,かげがり,Vol 2,Vol 1-1,Vol 1,Vol 1,Ep 102,Ep 1409,Ep 17A (33),Ep 407C (706),,,,,
G1,1971-08,Doraemon's Pocket,ドラえもんのポケット,Vol 179,,,Vol 4,,,,,,,,,
G2,1971-08,The Undersea Adventure,せん水艦で海へ行こう,Vol 33,Vol 1-2,Vol 6,Vol 3,Ep 49,Ep 1188,Ep 131B (241),,,,,,
G3,1971-08,The Big Winner,宝くじ大当たり,Vol 31,Vol 3-3,Vol 5,Vol 2,Ep 230,,Ep 317A (523),Ep 812B (1388),,,,,
G4,1971-08,Halo of Gratitude,アリガターヤ,Vol 149,,Vol +3,Vol 1,Ep 1222,,Ep 88A (168),Ep 588A (1046),,,,,
G1,1971-09,The Trickerchief,手じなふろしき,Vol 179,,,Vol 4,,,,,,,,,
G2,1971-09,Bad Medicine,いんちき薬,Vol 178,,,Vol 3,,,Ep 422B (738),,,,,,
G3,1971-09,Judo Master Noby,黒おびのび太,Vol 2,Vol 1-2,Vol 5,Vol 2,Ep 178,Ep 1187,Ep 333B (555),,,,,,
G4,1971-09,"Robyn, My Love",ロボ子が愛してる,Vol 23,Vol 2-3,Vol 2,Vol 1,Ep 75,,Ep 30A (58),Ep 510A (903),,,,,
G1,1971-10,Animal Candy,動物キャンディー,Vol 179,,,Vol 4,Ep 395,,,,,,,,
G2,1971-10,The Truth Transmitter,ショージキデンパ,Vol 178,,Vol +7,Vol 3,Ep 637,,Ep 833B (1414),,,,,,
G3,1971-10,King of the Cavemen,石器時代の王さまに,Vol 5,,Vol 7,Vol 2,Ep 216,,Ep 42B (83),Ep 362A (611),,,,,
G4,1971-10,Doraemon Sings!,ドラえもんの歌,Vol 174,,Vol +7,Vol 1,,,Ep 63A (124),Ep 536A (952),,,,,
G1,1971-11,The Overwriting Crayon,そっくりクレヨン,Vol 25,,Vol 3,Vol 4,Ep 461,,,,,,,,
G2,1971-11,Pero Comes Back,ペロ！生きかえって,Vol 26,Vol 2-1,Vol 3,Vol 3,Ep 192,,Ep 47B (93),,,,,,
G3,1971-11,The Whatever Weather Box,お天気ボックス,Vol 44,Vol 3-1,Vol 10,Vol 2,Ep 69,Ep 1352,Ep 296B (483),Ep 662B (1159),,,,,
G4,1971-11,Competing Proposals,プロポーズ作戦,Vol 22,Vol 2-3,Vol 1,Vol 1,Ep 37,Ep 1781,Ep 169 (293),Ep 484B (855),,,,,
G1,1971-12,The Christmas Tree Seed,クリスマスツリーのたね,Vol 168,,,Vol 4,,,Ep 790C (1358),,,,,,
G2,1971-12,Realpedia,ほんもの図鑑,Vol 7,Vol 1-2,Vol 6,Vol 3,Ep 79,Ep 1191,Ep 36A (71),,,,,,
G3,1971-12,Melody Gas,メロディーガス,Vol 8,,Vol 4,Vol 2,Ep 471,,Ep 842B (1427),,,,,,
G4,1971-12,King of the Night,夜の世界の王さまだ！,Vol 13,,Vol 6,Vol 1,Ep 99,Ep 1408,Ep 877B (1472),,,,,,
G1,1972-01,Face-Off Soap,ふくわらい石けん,Vol 179,,,Vol 4,Ep 457,,,,,,,,
G2,1972-01,The Genie Robot,ランプのけむりオバケ,Vol 22,,Vol 1,Vol 3,Ep 1214,,Ep 33A (65),Ep 548A (975),,,,,
G3,1972-01,I Hate Money!,お金なんか大きらい！,Vol 56,Vol 3-4,Vol 16,Vol 2,Ep 187,,Ep 637B (1115),,,,,,
G4,1972-01,The Bedroom Avalanche,勉強べやの大なだれ,Vol 24,Vol 1-1,Vol 2,Vol 1,Ep 239,,Ep 43A (84),,,,,,
G1,1972-02,Homework Pajamas,べんきょうねまき,Vol 179,,,Vol 4,,,,,,,,,
G2,1972-02,Hot Snow,雪でアッチッチ,Vol 21,Vol 1-1,Vol 1,Vol 3,Ep 214,,Ep 320B (532),Ep 629A (1119),,,,,
G3,1972-02,The Any Day Diary,いつでも日記,Vol 43,,Vol 10,Vol 2,Ep 494,,Ep 689B (1204),,,,,,
G4,1972-02,Noby's Bride,のび太のおよめさん,Vol 3,Vol 1-2,Vol 6,Vol 1,Ep 6,,Ep 2B (5),Ep 373B (635),,,,,
G1,1972-03,Rocket Gum,ロケットガム,Vol 179,,,Vol 4,,,,,,,,,
G2,1972-03,The Switch-A-Rope,入れかえロープ,Vol 54,Vol 1-5,Vol 15,Vol 3,Ep 236,,,,,,,,
G3,1972-03,The Teleporter,物体瞬間移動機,Vol 175,,,Vol 2,Ep 454,,,,,,,,
G4,1972-03,No More Doraemon?!,ドラえもんがいなくなっちゃう！？,Vol 174,,,Vol 1,,,,,,,,,
G1,1972-04,Bloomin' Ashes,花さくはい,Vol 180,,,Vol 5,,,Ep 649A (1137),,,,,,
G2,1972-04,The Cannon Express,どこでも大ほう,Vol 32,Vol 1-2,Vol 6,Vol 4,Ep 195,,Ep 276A (448),,,,,,
G3,1972-04,The BubbleCorder,ヤカンレコーダー,Vol 28,,Vol 4,Vol 3,Ep 212,,,,,,,,
G4,1972-04,The Turvy Topsy Flute,コベアベ,Vol 22,Vol 2-2,Vol 1,Vol 2,Ep 35,,,,,,,,
G1,1972-05,Going Buggy,むしめがねでへんしん,Vol 180,,,Vol 5,,,,,,,,,
G2,1972-05,Badge Busters,バッジを作ろう,Vol 30,Vol 1-2,Vol 5,Vol 4,Ep 510,,,,,,,,
G3,1972-05,Memory Bread,テストにアンキパン,Vol 23,Vol 1-1,Vol 2,Vol 3,Ep 3,Ep 1183,Ep 17B (34),Ep 278B (451),,,,,
G4,1972-05,Super Dan!,スーパーダン,Vol 25,,Vol 3,Vol 2,Ep 72,Ep 1351,Ep 464A (817),,,,,,
G1,1972-06,The Height Competition,うちでの小づちでせいくらべ,Vol 180,,,Vol 5,,,,,,,,,
G2,1972-06,The Ultra Mixer,ウルトラミキサー,Vol 35,Vol 1-2,Vol 7,Vol 4,Ep 179,,Ep 281A (456),Ep 619A (1082),,,,,
G3,1972-06,The Earth Diving Suit,潜地服,Vol 178,,,Vol 3,Ep 504,,,,,,,,
G4,1972-06,The Myth Medallions,おはなしバッジ,Vol 26,,Vol 3,Vol 2,Ep 302,,Ep 317C (525),Ep 779B (1340),,,,,
G1,1972-07,Mole Mittens,もぐら手ぶくろ,Vol 180,,,Vol 5,,,,,,,,,
G2,1972-07,Ghost Incense,オバケせんこう,Vol 179,,,Vol 4,Ep 545,,Ep 412A (718),,,,,,
G3,1972-07,Sequence Spray,つづきスプレー,Vol 30,,Vol 5,Vol 3,Ep 60,,Ep 310B (510),Ep 679A (1189),,,,,
G4,1972-07,The Dream Chime,ゆめふうりん,Vol 23,Vol 3-4,Vol 2,Vol 2,Ep 245,,Ep 19A (37),Ep 718B (1250),,,,,
G1,1972-08,The Snow Cloud,ゆきぐも,Vol 180,,,Vol 5,,,,,,,,,
G2,1972-08,The Payback Hands,お返しハンド,Vol 179,,Vol +7,Vol 4,Ep 1091,,,,,,,,
G3,1972-08,Time Traveler,タイムマシン,Vol 169,,,Vol 3,,,,,,,,,
G4,1972-08,Noby's Birthday,ぼくの生まれた日,Vol 5,Vol 1-1,Vol 2,Vol 2,Ep 81,Ep 1059,Ep 123 (229),,,Stand by Me Doraemon 2,,The Day When I Was Born,
G1,1972-09,The Real Light,本物ライト,Vol 180,,,Vol 5,,,,,,,,,
G2,1972-09,The Be-There Phone,おしかけ電話,Vol 31,,Vol 5,Vol 4,Ep 449,,Ep 888A (1486),,,,,,
G3,1972-09,Sightseeing without Sightseeing,行かない旅行の記念写真,Vol 34,,Vol 7,Vol 3,Ep 95,,,,,,,,
G4,1972-09,The Bad-Luck Diamond,悪運ダイヤ,Vol 38,Vol 1-3,Vol 8,Vol 2,Ep 186,Ep 1217,Ep 69B (135),Ep 534B (950),,,,,
YK,1972-10,The Anything Tree,なんでもツリー,Vol 198,,,Vol 18,,,,,,,,,
KG,1972-10,,遊園地になる木,,,,Vol 18,,,,,,,,,
G1,1972-10,The Never-Fall Tightrope,落ちないつな,Vol 180,,,Vol 5,,,Ep 3 (Short),,,,,,
G2,1972-10,Sweetstick,おせじ口べに,Vol 15,,Vol 1,Vol 4,Ep 42,,Ep 386A (659),,,,,,
G3,1972-10,The Noby in the Mirror,かがみの中ののび太,Vol 29,Vol 1-2,Vol 5,Vol 3,Ep 47,,Ep 808B (1384),,,,,,
G4,1972-10,The Buddy Beacon,友情カプセル,Vol 28,Vol 2-2,Vol 4,Vol 2,Ep 50,Ep 1784,Ep 216A (356),Ep 531A (943),,,,,
YK,1972-11,Wear-and-Wash Spray,着たまませんたくできるスプレー,Vol 198,,,Vol 18,,,,,,,,,
G1,1972-11,Baseball Riders,ボールに乗って,Vol 53,,Vol 14,Vol 5,,,Ep 7 (Short),,,,,,
G2,1972-11,The Magnet Mirror,引きよせかがみ,Vol 168,,,Vol 4,Ep 1283,,,,,,,,
G3,1972-11,The Star Sledgehammer,流れ星製造トンカチ,Vol 169,,,Vol 3,Ep 1148,,,,,,,,
G4,1972-11,The End of the World,世界沈没,Vol 28,,Vol 4,Vol 2,Ep 483,,Ep 79A (153),,,,,,
G1,1972-12,Playing with Fish,魚と遊ぼう,Vol 180,,,Vol 5,,,,,,,,,
G2,1972-12,Playing Dolls,人形あそび,Vol 44,,Vol 10,Vol 4,Ep 218,,Ep 656A (1148),,,,,,
G3,1972-12,Gravity Paint,重力ペンキ,Vol 29,,Vol 5,Vol 3,,,Ep 276B (449),,,,,,
G4,1972-12,The Six Million Yen Painting,この絵600万円,Vol 13,Vol 3-1,Vol 6,Vol 2,Ep 254,,Ep 655A (1146),,,,,,
G1,1973-01,Animal Drops,動物ドロップ,Vol 180,,,Vol 5,,,,,,,,,
G2,1973-01,The Medicine Maker,ふしぎな薬,Vol 169,,,Vol 4,Ep 607,,Ep 847A (1433),,,,,,
G3,1973-01,The Reset Roller,フリダシニモドル,Vol 178,,,Vol 3,,,,,,,,,
G4,1973-01,The Hot Springs Trip,温泉旅行,Vol 32,,Vol 6,Vol 2,Ep 141,Ep 1484,Ep 34B (68),Ep 538B (957),,,,,
YK,1973-02,Robot Oni,ロボットのおに,Vol 198,,,Vol 18,,,,,,,,,
G1,1973-02,Invisipaint,とうめいペンキ,Vol 169,,,Vol 5,Ep 424,,Ep 895A (1493),,,,,,
G2,1973-02,Mr. Rope,まほうのひも,Vol 170,,,Vol 4,,,,,,,,,
G3,1973-02,My Little Kitty,すてきなミイちゃん,Vol 10,Vol 2-3,Vol 14,Vol 3,Ep 28,,Ep 76B (148),Ep 498A (880),,,,,
G4,1973-02,Big Noby vs. Little Big G,大きくなってジャイアンをやっつけろ,Vol 147,,Vol +2,Vol 2,Ep 416,,Ep 761A (1315),,,,,,
YK,1973-03,Sand Gloves,手ぶくろですな遊び,Vol 198,,,Vol 18,,,,,,,,,
KG,1973-03,,はりええほんドラえもん,,,,Vol 18,,,,,,,,,
G1,1973-03,The Ultra Ring,ウルトラリング,Vol 169,,,Vol 5,Ep 439,,Ep 260A (418),Ep 579A (1033),,,,,
G2,1973-03,The Come-Here Collar,ヨンダラ首わ,Vol 52,,Vol 14,Vol 4,Ep 567,,Ep 605A (1068),,,,,,
G3,1973-03,Planet Builders,地球製造法,Vol 4,,Vol 5,Vol 3,Ep 400,Ep 868,Ep 36B (72),Ep 594A (1054),,Nobita's Diary on the Creation of the World,,,
G4,1973-03,The Phantom of the Future,未来世界の怪人,Vol 28,,Vol 4,Vol 2,Ep 68,Ep 1659,Ep 163 (287),Ep 779A (1339),,,,,
G6,1973-03,A Stone Unturned,石ころぼうし,Vol 3,Vol 1-1,Vol 4,Vol 1,Ep 164,Ep 1178,Ep 373A (634),,,,,,
YK,1973-04,Flower Boys and Girls,花さか灰そうどう,Vol 198,,,Vol 18,,,,,,,,,
KG,1973-04,Growing Up Quick,早く大きくなあれ,Vol 196,,,Vol 18,,,,,,,,,
G1,1973-04,Cloud Clay,雲ねんど,Vol 169,,,Vol 6,Ep 429,,,,,,,,
G2,1973-04,The Speedwinder,ネジまいてハッスル！,Vol 45,,Vol 11,Vol 5,Ep 330,Ep 1404,Ep 651B (1141),,,,,,
G3,1973-04,Telekinesis Drops,念力目薬,Vol 169,,,Vol 4,Ep 587,,Ep 914B (1519),,,,,,
G4,1973-04,True Lies,うそつ機,Vol 25,Vol 1-1,Vol 3,Vol 3,Ep 1346,,Ep 699A (1219),,,,,,
G5,1973-04,Let's Go Hiking!,ハイキングに出かけよう,Vol 175,,Vol 0,Vol 2,Ep 1146,,Ep 716A (1247),,,,,,
YK,1973-05,The Bird Catcher,鳥とり機,Vol 198,,,Vol 18,,,,,,,,,
KG,1973-05,Really Real Pictures,写したものを出すカメラ,Vol 197,,,Vol 18,,,,,,,,,
G1,1973-05,The Bounce Back Cape,ひらりマント,Vol 30,Vol 1-2,Vol 5,Vol 6,Ep 205,,Ep 913A (1517),,,,,,
G2,1973-05,Elf-Bots,小人ロボット,Vol 34,Vol 1-2,Vol 7,Vol 5,Ep 200,Ep 1131,Ep 183B (312),Ep 511A (905),,,,,
G3,1973-05,4D Cycling,四次元サイクリング,Vol 30,,Vol 5,Vol 4,Ep 377,,Ep 389B (667),,,,,,
G4,1973-05,The Action Planner,スケジュールどけい,Vol 13,Vol 3-4,Vol 3,Vol 3,Ep 190,,Ep 53B (105),Ep 495A (874),,,,,
G5,1973-05,Jekyll-Hyde Jellies,ジキルハイド,Vol 32,Vol 1-2,Vol 6,Vol 2,Ep 113,,Ep 122C (228),,,,,,
G6,1973-05,Dealing in Future,してない貯金を使う法,Vol 27,,Vol 4,Vol 1,Ep 332,,Ep 93B (179),,,,,,
YK,1973-06,The Police Car,パトカー,Vol 198,,,Vol 18,,,,,,,,,
KG,1973-06,The Morphing Set,変身セットでヒーローに,Vol 197,,,Vol 18,,,,,,,,,
G1,1973-06,Dreaming with Doraemon,ゆめまくらでドッキリ,Vol 182,,,Vol 6,Ep 453,,,,,,,,
G2,1973-06,The Bring-it-Bag,とりよせバッグ,Vol 46,Vol 1-4,Vol 11,Vol 5,Ep 351,,Ep 721B (1254),,,,,,
G3,1973-06,The Self-Confidence Helmet,自信ヘルメット,Vol 169,,,Vol 4,Ep 407,,Ep 482A (851),,,,,,
G4,1973-06,Penalty Box,ばっ金箱,Vol 29,,Vol 5,Vol 3,Ep 56,,Ep 902B (1502),,,,,,
G5,1973-06,The Underground Apartment,アパートの木,Vol 43,Vol 1-3,Vol 10,Vol 2,Ep 52,Ep 1026,Ep 292B (475),Ep 595A (1056),,,,,
G6,1973-06,Polarity Patches,N・Sワッペン,Vol 6,Vol 2-2,Vol 2,Vol 1,Ep 4,,Ep 31A (60),,,,,,
YK,1973-07,Beach Balloons,風船で海水浴,Vol 198,,,Vol 18,,,,,,,,,
KG,1973-07,The Snow Maker,雪を作れる機械,Vol 197,,,Vol 18,,,,,,,,,
G1,1973-07,Reality Crayons,本物クレヨン,Vol 169,,,Vol 6,Ep 440,,Ep 422A (737),,,,,,
G2,1973-07,The Hypnosis Pendulum,さいみんふりこ,Vol 171,,,Vol 5,,,,,,,,,
G3,1973-07,"Today, I'm Mary!",ぼく、マリちゃんだよ,Vol 39,,Vol 8,Vol 4,Ep 241–242,,Ep 430A (754),,,,,,
G4,1973-07,Button Thief,バッジどろぼう,Vol 145,,Vol +2,Vol 3,Ep 1101,,Ep 866B (1460),,,,,,
G5,1973-07,Desert Island Adventure,のび太漂流記,Vol 33,,Vol 6,Vol 2,Ep 58,Ep 1020,Ep 56A (111),Ep 724A (1259),,,,,
G6,1973-07,The Diamond Thieves,ママのダイヤを盗み出せ,Vol 35,,Vol 7,Vol 1,Ep 90,,Ep 100B (190),Ep 707A (1230),,,,,
YK,1973-08,The Arm Conditioner,うでクーラー,Vol 198,,,Vol 18,,,,,,,,,
KG,1973-08,Dorami's Playhouse,ドラミおおはりきり,Vol 197,,,Vol 18,,,,,,,,,
G1,1973-08,Camping,キャンプ,Vol 169,,,Vol 6,,,Ep 415A (723),,,,,,
G2,1973-08,The Doppelgang-er,みがわりペンダント,Vol 180,,,Vol 5,Ep 375,,,,,,,,
G3,1973-08,The Uncle and the Elephant,ぞうとおじさん,Vol 31,Vol 2-1,Vol 5,Vol 4,Special (Ep 234C),,Ep 99 (188),Ep 490B (867),,,,,
G4,1973-08,Mountain Rescue,雪山遭難を助けろ,Vol 178,,,Vol 3,Ep 524,Ep 1331,,,,,,,
G5,1973-08,"Eat Candy, Sing Dandy",キャンデーなめて歌手になろう,Vol 37,Vol 2-2,Vol 8,Vol 2,Ep 27,Ep 1200,Ep 54A (106),Ep 297A (484),,,,,
G6,1973-08,The Treasure of Chinkara Pass,珍加羅峠の宝物,Vol 54,,Vol 15,Vol 1,Ep 18,,Ep 365B (618),,,,,,
YK,1973-09,The Rain Vacuum,雨そうじ機,Vol 198,,,Vol 18,,,,,,,,,
KG,1973-09,An Amazing Aquarium,へんなすいぞくかん,Vol 197,,,Vol 18,,,,,,,,,
G1,1973-09,The Bug Concert,月の光と虫の声,Vol 27,Vol 1-1,Vol 4,Vol 6,Ep 131,,Ep 268B (433),Ep 672A (1175),,,,,
G2,1973-09,The Jack-in-the-Box,びっくりばこ,Vol 180,,,Vol 5,,,,,,,,,
G3,1973-09,Honest Thomas,正直太郎,Vol 23,Vol 3-1,Vol 2,Vol 4,Ep 107,Ep 1180,Ep 26A (50),Ep 693B (1211),,,,,
G4,1973-09,The Ultra Stopwatch,ウルトラストップウオッチ,Vol 178,,,Vol 3,Ep 369,Ep 1641,,,,,,,
G5,1973-09,"My Teacher, Myself",ぼくを、ぼくの先生に,Vol 26,Vol 3-4,Vol 3,Vol 2,Ep 45,Ep 1134,Ep 648B (1136),,,,,,
G6,1973-09,Will-O-Whisperer,怪談ランプ,Vol 8,,Vol 2,Vol 1,Ep 219,,Ep 18B (36),Ep 372A (631),,,,,
YK,1973-10,Lion Tamers,ネコみたいになるえさ,Vol 198,,,Vol 18,,,,,,,,,
KG,1973-10,Graffiti Erasing Gas,らくがきを消すガス,Vol 197,,,Vol 18,,,,,,,,,
G1,1973-10,The Mind Reader,ココロをのぞいちゃえ,Vol 182,,,Vol 6,Ep 484,,,,,,,,
G2,1973-10,The Disaster Driller,さいなんくんれん機,Vol 46,Vol 1-4,Vol 11,Vol 5,Ep 82,,,,,,,,
G3,1973-10,The Wacky Wallet,タヌキさいふ,Vol 179,,Vol +7,Vol 4,,,Ep 837A (1419),,,,,,
G4,1973-10,Chew-Out Gum,ダイリガム,Vol 32,Vol 3-5,Vol 6,Vol 3,Ep 185,Ep 1189,,,,,,,
G5,1973-10,The Sneaky Camera,こっそりカメラ,Vol 55,,Vol 15,Vol 2,Ep 173,Ep 1372,,,,,,,
G6,1973-10,The Payday Problem,月給騒動,Vol 147,,Vol +2,Vol 1,Ep 630,,Ep 170B (295),,,,,,
KG,1973-11,Toys for One,ひとりで遊べる道具,Vol 197,,,Vol 18,,,,,,,,,
G1,1973-11,Power Glasses,ふしぎなめがね,Vol 182,,,Vol 6,Ep 404,,,,,,,,
G2,1973-11,Powermax Mints,強力スーパーパワーゲン,Vol 181,,,Vol 5,,,,,,,,,
G3,1973-11,The Wolf Family,オオカミ一家,Vol 14,Vol 2-1,Vol 2,Vol 4,Ep 12,Ep 809,Ep 82B (158),Ep 844A (1429),,,,,
G4,1973-11,The Happy Heater,しあわせカイロでにっこにこ,Vol 178,,,Vol 3,Ep 1110,,,,,,,,
G5,1973-11,The Guiding Angel,ミチビキエンゼル,Vol 25,Vol 3-5,Vol 3,Vol 2,Ep 157,Ep 1130,Ep 22A (42),Ep 376B (640),,,,,
G6,1973-11,Future Shopper,未来からの買いもの,Vol 35,Vol 2-4,Vol 7,Vol 1,Ep 96,,Ep 101A (191),Ep 558B (994),,,,,
KG,1973-12,Fire Truck,しょうぼうしゃ,Vol 197,,,Vol 18,,,,,,,,,
G1,1973-12,Building a Subway,地下鉄をつくっちゃえ,Vol 24,Vol 2-4,Vol 2,Vol 6,Ep 13,,Ep 130A (238),Ep 763B (1318),,,,,
G2,1973-12,Shizuka's Magic Robe,しずちゃんのはごろも,Vol 23,,Vol 2,Vol 5,Ep 309,,Ep 327B (543),,,,,,
G3,1973-12,The Calendar Flipper,日づけ変更カレンダー,Vol 25,Vol 3-2,Vol 3,Vol 4,Ep 486,,Ep 465B (820),,,,,,
G4,1973-12,Compound Interest,ボーナス1024倍,Vol 25,Vol 3-4,Vol 3,Vol 3,Ep 521,,,,,,,,
G5,1973-12,The Say and Obey Caps,イイナリキャップ,Vol 154,,Vol +5,Vol 2,Ep 640,,Ep 100A (189),Ep 559A (995),,,,,
G6,1973-12,"Just Once, a Perfect 100",一生に一度は百点を…,Vol 21,Vol 1-1,Vol 1,Vol 1,Ep 15,Ep 1179,Ep 12A (22),Ep 518B (918),,,,,
G1,1974-01,The Donation Box,おとしだまぼきん,Vol 182,,,Vol 6,,,,,,,,,
G2,1974-01,The Instant Pearl Maker,しんじゅせいぞうロボット,Vol 181,,,Vol 5,,,,,,,,,
G3,1974-01,The Skyhorse,走れ！ウマタケ,Vol 22,,Vol 1,Vol 4,Ep 21,,Ep 268A (432),,,,,,
G4,1974-01,The Pocket Patch,タタミのたんぼ,Vol 6,,Vol 2,Vol 3,Ep 104,,Ep 35A (69),Ep 558A (993),,,,,
G5,1974-01,Buried Treasure,宝さがし,Vol 176,,Vol +7,Vol 2,Special (Ep 643C),,,,,,,,
G6,1974-01,The Houseguest Pest,いやなお客の帰し方,Vol 45,,Vol 11,Vol 1,Ep 232,,Ep 278A (450),,,,,,
BK,1974-01,,じゅん番入れかわりそうち,,,,Vol 20,,,,,,,,,
G1,1974-02,The Pass Loop,通りぬけフープ,Vol 40,,Vol 9,Vol 6,Ep 427,,,,,,,,
G2,1974-02,Sidestep Socks,ヒラリくつ下,Vol 181,,,Vol 5,,,,,,,,,
G3,1974-02,Tabletop Ski Resort,はこ庭スキー場,Vol 32,,Vol 6,Vol 4,Ep 211,Ep 1213,Ep 391B (670),,,,,,
G4,1974-02,To Catch a Cold,このかぜうつします,Vol 24,Vol 3-3,Vol 2,Vol 3,Ep 257,,Ep 34A (67),,,,,,
G5,1974-02,Junior Detective Set,シャーロック・ホームズセット,Vol 25,,Vol 3,Vol 2,Ep 199,,Ep 318B (528),,,,,,
G6,1974-02,Return to Un-sender,出さない手紙の返事をもらう方法,Vol 1,Vol 3-3,Vol 2,Vol 1,Ep 1278,,Ep 304B (499),,,,,,
BK,1974-02,Noby's Own TV Station,テレビ局をはじめたよ,Vol 46,,Vol 11,Vol 20,,,Ep 285A (464),Ep 526A (933),,,,,
G1,1974-03,The Charmed Rope,ピーヒョロロープ,Vol 36,,Vol 7,Vol 6,,,Ep 469A (827),,,,,,
G2,1974-03,The Human Magnet,人間磁石,Vol 181,,,Vol 5,,,,,,,,,
G3,1974-03,Farewell Doraemon,さようなら、ドラえもん,Vol 33,Vol 2-1,Vol 6,Vol 4,Special (Ep 491C),,Ep 164A (288),,,Stand by Me Doraemon,,Doraemon Comes Back,
G4,1974-03,The 100% Accurate Palm Reading Set,かならず当たる手相セット,Vol 23,,Vol 2,Vol 3,Ep 203,Ep 1448,Ep 323B (538),,,,,,
G5,1974-03,Switching Moms,ママをとりかえっこ,Vol 14,Vol 2-4,Vol 3,Vol 2,Ep 16,Ep 1177,Ep 52A (102),Ep 520A (921),,,,,
G6,1974-03,The Dreamcorder,ユメコーダー,Vol 154,,Vol +5,Vol 1,Ep 1640,,,,,,,,
BK,1974-03,The Haunted Mountain Village,山おく村の怪事件,Vol 36,,Vol 7,Vol 20,Special (Ep 541A),,Ep 160 (284),Ep 641A (1123),,,,,
G2,1974-04,Tickle Gloves,コチョコチョ手ぶくろ,Vol 142,,Vol +1,Vol 6,Ep 1636,,,,,,,,
G3,1974-04,Echo Mountain,山びこ山,Vol 181,,,Vol 5,,,,,,,,,
G4,1974-04,Welcome Back Doraemon,帰ってきたドラえもん,Vol 34,Vol 2-1,Vol 7,Vol 4,Special (Ep 491C),,Ep 164A (288),,,Stand by Me Doraemon,,Doraemon Comes Back,
G5,1974-04,Facial Reconstruction,お客の顔を組み立てよう,Vol 27,,Vol 4,Vol 3,Ep 73,Ep 1377,Ep 443A (777),,,,,,
G6,1974-04,Animal Transformation Crackers,変身ビスケット,Vol 6,Vol 1-1,Vol 1,Vol 2,Ep 2,,Ep 13A (25),Ep 247B (398),Ep 517A (915),,,,
G2,1974-05,The Impasse-a-pole,通せんぼう,Vol 182,,,Vol 6,Ep 1319,,,,,,,,
G3,1974-05,Carp Streamers,こいのぼり,Vol 32,,Vol 6,Vol 5,Ep 30,,Ep 653A (1143),,,,,,
G4,1974-05,The Curse Cap,ウラメシズキン,Vol 153,,Vol +4,Vol 4,Ep 1087,,Ep 261A (420),,,,,,
G5,1974-05,The Misery Meter,いやな目メーター,Vol 145,,Vol +2,Vol 3,Ep 1111,,,,,,,,
G6,1974-05,The Make-it-so Day Planner,○○が××と△△する,Vol 22,,Vol 1,Vol 2,Ep 40,,,,,,,,
BK,1974-05,The Urashima Candy,ウラシマキャンデー,Vol 41,,Vol 9,Vol 20,Ep 1240,,Ep 72A (140),Ep 546A (972),,,,,
G2,1974-06,The Graffiti Gun,らくがきじゅう,Vol 55,,Vol 15,Vol 6,Ep 222,Ep 1220,Ep 693A (1210),,,,,,
G3,1974-06,The Detour Arrows,こいこいマークでお中元,Vol 181,,,Vol 5,,,,,,,,,
G4,1974-06,The Magic Box,マジックボックス,Vol 180,,,Vol 4,,,Ep 540B (961),,,,,,
G5,1974-06,The Expresso Machine,表情コントローラー,Vol 55,Vol 3-3,Vol 15,Vol 3,Ep 108,,Ep 423B (740),,,,,,
G6,1974-06,The Trick-or-Tanuki Set,タヌ機,Vol 36,,Vol 7,Vol 2,Ep 39,Ep 1662,Ep 379B (646),,,,,,
BK,1974-06,The Underground Expedition,地底の国探検,Vol 30,,Vol 5,Vol 20,Ep 1212,,Ep 80–81 (155–156),,,,,,
G2,1974-07,The R/C Paper Airplane,折り紙ラジコン,Vol 182,,,Vol 6,,,,,,,,,
G3,1974-07,My Tub's an Ocean,うちのプールは太平洋,Vol 30,Vol 3-5,Vol 5,Vol 5,,,Ep 450A (790),,,,,,
G4,1974-07,Noby's City of Dreams,ゆめの町、ノビタランド,Vol 1,Vol 1-1,Vol 3,Vol 4,Ep 1,,Ep 45A (88),Ep 556A (989),,,,,
G5,1974-07,Searching for a Tsuchinoko,ツチノコさがそう,Vol 178,,Vol +7,Vol 3,Ep 1143,,,,,,,,
G6,1974-07,Mutant Maker,人間製造機,Vol 37,Vol 2-5,Vol 8,Vol 2,Ep 89,,Ep 186 (315),,,,,,
BK,1974-07,The Undersea Hike,海底ハイキング,Vol 27,,Vol 4,Vol 20,Special (Ep 315A),Ep 1704,Ep 145A (261),,,,,,
G2,1974-08,Puddle Cream,ドンブラクリーム,Vol 171,,,Vol 6,Ep 1635,,,,,,,,
G3,1974-08,Shiverincense,ゾクゾク線香,Vol 145,,Vol +2,Vol 5,,,Ep 412A (718),,,,,,
G4,1974-08,You and What Army?,おもちゃの兵隊,Vol 14,Vol 2-2,Vol 4,Vol 4,Ep 29,,Ep 189B (320),,,,,,
G5,1974-08,The Instant Wardrobe Cam,きせかえカメラ,Vol 26,,Vol 3,Vol 3,Ep 202,Ep 1429,Ep 19B (38),,,,,,
G6,1974-08,"World ""Peace"" Association",世界平和安全協会？,Vol 176,,,Vol 2,Ep 636,,,,,,,,
BK,1974-08,Nessie's Visit,ネッシーがくる,Vol 33,,Vol 6,Vol 20,Special (Ep 402A),,Ep 773A (1329),,,,,,
G2,1974-09,Phoony the Typhoon,台風のフー子,Vol 9,Vol 1-2,Vol 6,Vol 6,Ep 159,,Ep 105 (198),Ep 703A (1224),,Nobita and the Windmasters,,,
G3,1974-09,The Ace Cap,エースキャップ,Vol 33,Vol 1-2,Vol 6,Vol 5,Ep 225,,,,,,,,
G4,1974-09,The Taxi-kerchief,ふろしきタクシー,Vol 144,,Vol +1,Vol 4,Ep 1150,,Ep 462A (813),,,,,,
G5,1974-09,The Bug Listeners,虫の声を聞こう,Vol 144,,Vol +1,Vol 3,Ep 1325,,Ep 416B (726),,,,,,
G6,1974-09,The Girl with the Red Shoes,赤いくつの女の子,Vol 33,Vol 2-3,Vol 6,Vol 2,Ep 41,Ep 906,Ep 86A (165),Ep 499B (883),,,,,
BK,1974-09,Invisi-Drops,とう明人間目ぐすり,Vol 38,,Vol 8,Vol 20,Ep 455,,Ep 68B (133),Ep 633B (1109),,,,,
G2,1974-10,The Portable Police Car,正義のパトカー,Vol 149,,Vol +3,Vol 6,Ep 1100,,Ep 769A (1325),,,,,,
G3,1974-10,The Swapper String,引っ越しひも,Vol 181,,,Vol 5,,,,,,,,,
G4,1974-10,The Tornader,台風発生機,Vol 52,,Vol 14,Vol 4,Ep 181,,,,,,,,
G5,1974-10,Bomb the Mice,ネズミとばくだん,Vol 35,Vol 2-2,Vol 7,Vol 3,Ep 150,,Ep 154C (277),,,,,,
G6,1974-10,The Gamble Gun,ラッキーガン,Vol 28,,Vol 6,Vol 2,Ep 10,Ep 1646,,,,,,,
G2,1974-11,Find the Concentrator,夢中機を探せ,Vol 146,,Vol +2,Vol 6,Ep 1157,,,,,,,,
G3,1974-11,Fruit Thievery,カキどろぼう,Vol 181,,,Vol 5,,,,,,,,,
G4,1974-11,The Freckle Flipper,うつしぼくろ,Vol 158,,Vol +6,Vol 4,Ep 1109,,Ep 709A (1233),,,,,,
G5,1974-11,Habit Breaking Gas,くせなおしガス,Vol 35,Vol 3-2,Vol 7,Vol 3,Ep 156,,Ep 461A (811),,,,,,
G6,1974-11,Possessing Big G,ジャイアン乗っとり,Vol 176,,Vol +7,Vol 2,Ep 1193,,Ep 829A (1408),,,,,,
G2,1974-12,Little Match Doraemon,マッチ売りのドラえもん,Vol 39,Vol 1-3,Vol 8,Vol 6,Ep 1281,,,,,,,,
G3,1974-12,Gender Bender Potion,オトコンナを飲めば？,Vol 39,Vol 1-3,Vol 8,Vol 5,Ep 127,Ep 1215,,,,,,,
G4,1974-12,Defeat the Giantz!,ジャイアンズをぶっとばせ,Vol 17,,Vol 7,Vol 4,Ep 1277,,Ep 139 (252),,,,,,
G5,1974-12,Robo-Flattery,ロボットがほめれば…,Vol 39,Vol 1-3,Vol 8,Vol 3,Ep 282,,Ep 199A (333),Ep 852A (1440),,,,,
G6,1974-12,Viral Marketing Virus,流行性ネコシャクシビールス,Vol 32,Vol 3-2,Vol 6,Vol 2,Ep 387,,Ep 371B (630),,,,,,
G2,1975-01,The Coldbeater Crown,風の子バンド,Vol 151,,Vol +4,Vol 6,,,Ep 200A (335),,,,,,
G3,1975-01,Reaction Tester Robot,テスト・ロボット,Vol 14,Vol 3-3,Vol 7,Vol 5,Ep 476,,Ep 629A (1101),,,,,,
G4,1975-01,The Real Board Game,人間すごろく,Vol 140,,Vol 45,Vol 4,Ep 384,,,,,,,,
G5,1975-01,The Fatigue-Frogger,ケロンパス,Vol 158,,Vol +6,Vol 3,Ep 1160,,Ep 690B (1205),,,,,,
G6,1975-01,The See-Scope,見たままスコープ,Vol 39,,Vol 8,Vol 2,Ep 153,,Ep 792A (1360),,,,,,
,1975-01,,ドラえもん百科,,,Vol 6,,,,,,,,,,"Debuted in the Tankōbon series and not in a magazine. Counted as part of Doraemon manga canon by Yasuyuki Yokoyama, but not illustrated by Fujiko F. Fujio (actual artist is uncredited)."
G2,1975-02,Arm & Leg Heads,手足につけるミニ頭,Vol 182,,Vol +7,Vol 6,,,Ep 617A (1080),,,,,,
G3,1975-02,A Graph that Never Lies,グラフはうそつかない,Vol 37,Vol 3-2,Vol 8,Vol 5,Ep 466,,,,,,,,
G4,1975-02,"The Legendary Sword ""Denko-maru""",名刀「電光丸」,Vol 46,,Vol 11,Vol 4,Ep 155,Ep 994,Ep 349 (586),,,,,,
G5,1975-02,The Disaster Detector,さいなんにかこまれた話,Vol 35,Vol 2-5,Vol 7,Vol 3,Ep 268,,,,,,,,
G6,1975-02,The Wild Watch,マッド・ウオッチ,Vol 37,,Vol 8,Vol 2,Ep 237,,Ep 626B (1096),,,,,,
G1,1975-03,The Creature Communicator,どうぶつごヘッドホン,Vol 183,,,Vol 7,Ep 405,,,,,,,,
G2,1975-03,The Wish-Hammer,うちでの小づち,Vol 38,,Vol 8,Vol 6,Ep 266,Ep 1132,Ep 630B (1104),,,,,,
G3,1975-03,Gimme the Night,夜を売ります,Vol 43,Vol 3-5,Vol 10,Vol 5,Ep 269,,Ep 415A (723),,,,,,
G4,1975-03,The Noby Virus,人間うつしはおそろしい,Vol 140,,Vol 45,Vol 4,Ep 1286,,,,,,,,
G5,1975-03,Moneybees,カネバチはよく働く,Vol 38,,Vol 8,Vol 3,Ep 348,,,,,,,,
G6,1975-03,"The Great ""Tsuchinoko"" Hunt",ツチノコ見つけた！,Vol 40,Vol 3-4,Vol 9,Vol 2,Ep 132,,Ep 317D (526),Ep 516C (914),,,,,
G2,1975-04,Wild Beast-Taming Pellets,桃太郎印のきびだんご,Vol 183,,,Vol 7,Ep 480,,,,,,,,
G3,1975-04,Impossi-Bread,クエーヌパン,Vol 159,,Vol +6,Vol 6,,,,,,,,,
G4,1975-04,The Lie-DePuffer,ハリ千本ノマス,Vol 44,,Vol 10,Vol 5,Ep 1294,,Ep 596A (1057),,,,,,
G4,1975-04,The Doraemon Encyclopedia,ドラえもん大事典,Vol 47,,Vol 11,Vol 20,,,,,,,,,
G5,1975-04,Eraserface,消しゴムでノッペラボウ,Vol 39,Vol 1-3,Vol 8,Vol 4,Ep 223,,Ep 189A (319),Ep 663A (1160),,,,,
G6,1975-04,Challengade,くろうみそ,Vol 200,,Vol 8,Vol 3,Ep 228,Ep 1195,Ep 29A (56),,,,,,
G2,1975-05,The Human Locomotive,人間機関車,Vol 38,Vol 1-3,Vol 8,Vol 7,Ep 1443,,Ep 345A (578),Ep 811A (1387),,,,,
G3,1975-05,The Secret Pen,ないしょペン,Vol 52,,Vol 14,Vol 6,Ep 215,,,,,,,,
G4,1975-05,Rewinder Rag,ゆっくり反射ぞうきん,Vol 37,,Vol 8,Vol 5,Ep 148,Ep 1367,Ep 441B (774),,,,,,
G5,1975-05,Lighter / Writer,ライター芝居,Vol 37,,Vol 8,Vol 4,Ep 217,,Ep 63B (125),,,,,,
G6,1975-05,Hugga-Pills,ニクメナイン,Vol 38,,Vol 8,Vol 3,Ep 122,Ep 1208,Ep 401B (688),Ep 673A (1177),,,,,
G2,1975-06,The Round Stuff Magnet,まるいものじしゃく,Vol 183,,,Vol 7,Ep 390,,,,,,,,
G3,1975-06,The Snobshutter,めんくいカメラ,Vol 39,,Vol 8,Vol 6,Ep 80,,Ep 407A (704),,,,,,
G4,1975-06,A Touching Tale,ジーンと感動する話,Vol 6,Vol 1-3,Vol 9,Vol 5,Ep 208,Ep 1206,Ep 54C (108),Ep 625A (1093),,,,,
G5,1975-06,Lazy Day,ぐうたらの日,Vol 53,Vol 3-2,Vol 14,Vol 4,Ep 1303,,Ep 51A (100),Ep 760A (1313),,,,,
G6,1975-06,The Evo-Devo Beam,進化退化放射線源,Vol 39,,Vol 8,Vol 3,Ep 139,,Ep 37A (73),Ep 517B (916),,,,,
G2,1975-07,Elephant Lipstick,ゾウ印口べに,Vol 143,,Vol +1,Vol 7,,,Ep 457A (803),,,,,,
G3,1975-07,Laugh Long and Prosper,わらってくらそう,Vol 38,,Vol 8,Vol 6,Ep 130,,Ep 289A (469),Ep 845A (1430),,,,,
G4,1975-07,A Hermit's Life for Me,デンデンハウスは気楽だな,Vol 7,Vol 1-3,Vol 9,Vol 5,Ep 87,Ep 1201,Ep 31B (61),Ep 714B (1244),,,,,
G5,1975-07,The Change of Heart Fan,変心うちわ,Vol 145,,Vol +2,Vol 4,Ep 1306,,,,,,,,
G6,1975-07,A World Full of Lies,世の中うそだらけ,Vol 41,,Vol 9,Vol 3,Ep 1305,,Ep 55B (110),Ep 872B (1467),,,,,
G2,1975-08,The Speed Watch,スピードどけい,Vol 44,Vol 3-2,Vol 10,Vol 7,Ep 105,,,,,,,,
G3,1975-08,The Ghost in the Phone,電話のおばけ,Vol 42,,Vol 9,Vol 6,Ep 495,,,,,,,,
G4,1975-08,How to Make an Island,無人島の作り方,Vol 41,,Vol 9,Vol 5,Ep 180,,Ep 615A (1078),,,,,,
G5,1975-08,The Flowercorder,ろく音フラワー,Vol 143,,Vol +1,Vol 4,,,,,,,,,
G6,1975-08,Noby's Noby,のび太ののび太,Vol 41,,Vol 9,Vol 3,Ep 197,Ep 1356,,,,,,,
G1,1975-09,The Moving Map,ひっこし地図,Vol 41,Vol 1-3,Vol 9,Vol 8,Ep 561,,Ep 336A (560),,,,,,
G2,1975-09,The Hard Copy Paper,立体コピー,Vol 51,Vol 1-4,Vol 13,Vol 7,Ep 48,,Ep 212B (352),Ep 868A (1463),,,,,
G3,1975-09,The Moodometer,ごきげんメーター,Vol 41,Vol 3-1,Vol 9,Vol 6,Ep 277,,,,,,,,
G4,1975-09,I'm Momotaro!,ぼく、桃太郎のなんなのさ,Vol 42,,Vol 9,Vol 5,,,Ep 119 (223),,,,,What Am I for Momotaro,
G5,1975-09,Human Remote Control,人間ラジコン,Vol 44,,Vol 10,Vol 4,Ep 154,,,,,,,,
G6,1975-09,The Tracer Badges,トレーサーバッジ,Vol 42,Vol 1-3,Vol 9,Vol 3,Ep 169,,Ep 470B (830),,,,,,
SD,1975-09,Noby's Dinosaur,のび太の恐竜,Vol 11,Vol 1-3,Vol 10,Vol 20,,,Ep 619C (1084),,,Nobita's Dinosaur,Nobita's Dinosaur 2006,,
G1,1975-10,The Roachflute,ごきぶりふえ,Vol 157,,Vol +6,Vol 8,,,,,,,,,
G2,1975-10,The Werewolf Cream,おおかみ男クリーム,Vol 45,Vol 1-4,Vol 11,Vol 7,Ep 97,Ep 1373,Ep 27B (53),Ep 309A (507),Ep 552B (984),,,,
G3,1975-10,The Play Fork,アソボウ,Vol 40,,Vol 9,Vol 6,,,,,,,,,
G4,1975-10,Noby Broadcasting Corporation,のび太放送協会,Vol 181,,Vol +7,Vol 5,Ep 622,,,,,,,,
G5,1975-10,The Sweetbot,いたわりロボット,Vol 155,Vol 3-6,Vol +5,Vol 4,Ep 641,,Ep 399B (684),,,,,,
G6,1975-10,The Bottle Cap Collection,王かんコレクション,Vol 15,,Vol 9,Vol 3,Ep 401,Ep 1062,Ep 10B (19),,,,,,
G1,1975-11,The Bouncing Hole,とばしあな,Vol 183,,,Vol 8,Ep 1344,,,,,,,,
G2,1975-11,The Human Timer,人間用タイムスイッチ,Vol 153,,Vol +4,Vol 7,Ep 1142,,Ep 309B (508),,,,,,
G3,1975-11,The Animal Escape Drops,動物がたにげだしじょう,Vol 44,,Vol 10,Vol 6,Ep 263,,Ep 477B (841),,,,,,
G4,1975-11,The Time-Delay Drops,おそだアメ,Vol 41,Vol 1-3,Vol 10,Vol 5,Ep 175,,Ep 287B (468),Ep 655B (1147),,,,,
G5,1975-11,Tummy Travelers,たとえ胃の中、水の中,Vol 10,Vol 1-3,Vol 10,Vol 4,Ep 137,Ep 1656,Ep 47A (92),Ep 715B (1246),,,,,
G6,1975-11,The Tongue Reader,ベロ相うらない大当たり！,Vol 47,,Vol 12,Vol 3,Ep 111,,Ep 142B (257),Ep 692B (1209),,,,,
G1,1975-12,The Elastiscope,のびちぢみスコープ,Vol 183,,,Vol 8,Ep 600,Ep 1147,,,,,,,
G2,1975-12,The Human Splitter,人間切断機,Vol 43,Vol 2-5,Vol 10,Vol 7,Ep 84,,,,,,,,
G3,1975-12,Water to Wine,ようろうおつまみ,Vol 43,,Vol 10,Vol 6,Ep 256,,,,,,,,
G4,1975-12,The No-see-um Drops,見えなくなる目ぐすり,Vol 43,,Vol 10,Vol 5,Ep 160,Ep 1376,Ep 479A (845),,,,,,
G4,1975-12,,ジャックと豆の木,,,,Shonen SF Vol 3,Short,,,,,,,,"Chapter is compiled in Fujio's Shonen SF short story collections, not the main Doraemon series. Anime adaptation is part of ""Doraemon Masterpiece Theater"" (1993), a series of shorts spoofing fairytales and folktales."
G5,1975-12,The Mirage Shower,いないいないシャワー,Vol 44,Vol 1-3,Vol 10,Vol 4,Ep 163,Ep 1202,Ep 910B (1513),,,,,,
G6,1975-12,The Vending Time Machine,自動販売タイムマシン,Vol 16,,Vol 11,Vol 3,Ep 172,,Ep 319B (530),,,,,,
G1,1976-01,Heli-Tags,空とぶ荷ふだ,Vol 183,,,Vol 8,,,,,,,,,
G2,1976-01,Cloudwalking,雲の中の散歩,Vol 45,Vol 1-4,Vol 11,Vol 7,Ep 601,,Ep 689A (1203),,,,,,
G3,1976-01,The Balance Shot,バランス注射,Vol 67,,Vol 20,Vol 6,Ep 552,,Ep 637A (1114),,,,,,
G4,1976-01,The What if? Box,もしもボックス,Vol 45,Vol 3-1,Vol 11,Vol 5,Ep 255,,Ep 75A (145),,,,,,
G5,1976-01,Making a Brother,弟をつくろう,Vol 8,Vol 3-2,Vol 10,Vol 4,Ep 234,Ep 1417,Ep 150A (268),Ep 643B (1128),,,,,
G5,1976-01,,ドラえもんの大ひみつ,,,,Vol 4,,,,,,,,,Bonus comic in which Nobita learns Doraemon’s backstory.
G6,1976-01,The Quickdraw Contest,けん銃王コンテスト,Vol 48,,Vol 12,Vol 3,Ep 55,Ep 1649,Ep 27A (52),Ep 568B (1015),,,,,
G1,1976-02,Noby's Tank,ふしぎな戦車,Vol 184,,,Vol 8,,,,,,,,,
G2,1976-02,The Giddyupper,はいどうたづな,Vol 48,,Vol 12,Vol 7,Ep 166,,Ep 519B (920),,,,,,
G3,1976-02,The XYZ-Ray Camera,XYZ線カメラ,Vol 43,,Vol 10,Vol 6,Ep 66,,,,,,,,
G4,1976-02,Tales of Future Magazines,百年後のフロク,Vol 11,,Vol 10,Vol 5,Ep 226,Ep 1431,Ep 487A (860),,,,,,
G5,1976-02,The Sickness Simulator,仮病薬,Vol 180,,,Vol 4,,,,,,,,,
G6,1976-02,Bogus Aliens,ニセ宇宙人,Vol 43,,Vol 10,Vol 3,Ep 78,Ep 1681,Ep 293A (476),Ep 554B (986),,,,,
G1,1976-03,The Replay Camera,おくれカメラ,Vol 48,,Vol 12,Vol 8,Ep 36,,,,,,,,
G2,1976-06,The Mirrorizer,かわり絵ミラー,Vol 183,,Vol +7,Vol 7,Ep 1088,,,,,,,,
G3,1976-03,The Remind'ya Bird,わすれ鳥,Vol 47,Vol 1-4,Vol 12,Vol 6,Ep 171,,Ep 608A (1071),,,,,,
G4,1976-03,Snow in March,三月の雪,Vol 155,,Vol +5,Vol 5,Ep 652,,Ep 466A (821),,,,,,
G4,1976-03,,未来の遊び百科,,,,Vol 20,,,,,,,,,
G5,1976-03,The Re-Action Recorder,アクト・コーダー,Vol 180,,,Vol 4,Ep 1129,,,,,,,,
G6,1976-03,Stick-with-it Gum,シャラガム,Vol 150,Vol 3-6,Vol +3,Vol 3,Ep 635,,Ep 759B (1312),,,,,,
G1,1976-04,Float Spray,ふんわりガス,Vol 185,,,Vol 9,Ep 1285,,,,,,,,
G2,1976-04,The Robot Paper,ロボットペーパー,Vol 45,,Vol 11,Vol 8,Ep 177,,Ep 631B (1106),,,,,,
G3,1976-04,Big G's Best Friend,ジャイアンの心の友,Vol 47,,Vol 11,Vol 7,Ep 193,,,,,,,,
G4,1976-04,The Advance Antenna,あらかじめアンテナ,Vol 46,Vol 1-4,Vol 11,Vol 6,Ep 62,Ep 1216,Ep 460B (810),,,,,,
G5,1976-04,Invasion of the Switcherators,からだの部品とりかえっこ,Vol 47,,Vol 11,Vol 5,,,Ep 221A (364),,,,,,
G6,1976-04,Fossil Fools,化石大発見！,Vol 5,,Vol 11,Vol 4,Ep 146,Ep 1393,Ep 43B (85),Ep 555A (987),,,,,
G1,1976-05,Racing Fun,ふしぎなじどうしゃ,Vol 185,,,Vol 9,Ep 549,,,,,,,,
G2,1976-05,The Hypno-Spex,さいみんグラス,Vol 46,Vol 1-4,Vol 11,Vol 8,Ep 322,Ep 1211,,,,,,,
G3,1976-05,The Invisi-Scroll,ドロン巻き物,Vol 145,,Vol +2,Vol 7,,,,,,,,,
G4,1976-05,Homing Missile,ミサイルが追ってくる,Vol 10,Vol 1-4,Vol 12,Vol 6,Ep 297,,Ep 885A (1482),,,,,,
G5,1976-05,The Chum Gum,おすそわけガム,Vol 45,Vol 1-4,Vol 11,Vol 5,Ep 188,,Ep 387A (661),,,,,,
G6,1976-05,Bride of Tutorzilla,にっくきあいつ,Vol 157,,Vol +6,Vol 4,Ep 1162,,Ep 835B (1417),,,,,,
G1,1976-06,Gone Fishing,さかなつり,Vol 185,,,Vol 9,Ep 544,,,,,,,,
G2,1976-06,The Tickle-me-flea,くすぐりノミで笑おう,Vol 184,,,Vol 8,,,,,,,,,
G3,1976-06,True Colors,ウラオモテックス,Vol 47,Vol 1-4,Vol 12,Vol 7,Ep 77,,Ep 485A (856),,,,,,
G4,1976-06,The Passport to Evil,悪魔のパスポート,Vol 51,Vol 2-5,Vol 13,Vol 6,Ep 9,,Ep 73A (142),,,,,,
G5,1976-06,Canned Noise,騒音公害をカンヅメにしちゃえ,Vol 56,Vol 1-5,Vol 15,Vol 5,Ep 325,,Ep 416B (726),Ep 899B (1498),,,,,
G6,1976-06,The BrYber Tactic,Yロウ作戦,Vol 17,,Vol 11,Vol 4,Ep 119,,Ep 28B (55),Ep 587A (1045),,,,,
SD,1976-06,The Haunted Castle,ゆうれい城へ引っこし,Vol 20,Vol 2-5,Vol 12,Vol 20,Ep 91–92,Ep 860,Ep 154A (275),Ep 774C (1332),,,,,
G1,1976-07,The Delivery Dish,とりよせつぼ,Vol 185,,,Vol 9,,,,,,,,,
G2,1976-07,Dogfighters,大空中戦,Vol 19,,Vol 12,Vol 8,Ep 19,,Ep 401A (687),,,,,,
G3,1976-07,The Portable Thundercloud,カミナリになれよう,Vol 48,Vol 1-4,Vol 12,Vol 7,Ep 67,,,,,,,,
G4,1976-07,Puddle Powder,ドンブラ粉,Vol 7,,Vol 12,Vol 6,Ep 93,,Ep 221B (365),,,,,,
G5,1976-07,Hunch-Hopper,よかん虫,Vol 9,,Vol 12,Vol 5,Ep 165,Ep 963,Ep 661B (1157),,,,,,
G6,1976-07,Defender of Justice: Masked Me!,正義のみかたセルフ仮面,Vol 5,,Vol 12,Vol 4,Ep 14,Ep 1209,Ep 171 (296),Ep 784B (1349),,,,,
G1,1976-08,Karate Juice,空手ドリンク,Vol 185,,,Vol 9,,,,,,,,,
G2,1976-08,A Real Big Guy,大男がでたぞ,Vol 48,Vol 1-4,Vol 12,Vol 8,Ep 98,Ep 1374,Ep 446A (783),,,,,,
G3,1976-08,The Pet Look-Alike Pie,ペットそっくりまんじゅう,Vol 47,,Vol 12,Vol 7,Ep 1323,,Ep 392B (672),,,,,,
G4,1976-08,The Insta-Ghost,ゆうれいの干物,Vol 48,Vol 1-4,Vol 12,Vol 6,Ep 85,Ep 1314,,,,,,,
G5,1976-08,Liquid Liquid,トロリン,Vol 141,,Vol 45,Vol 5,Ep 1453,,,,,,,,
G6,1976-08,Fusion Glue Hiking,「合体ノリ」でハイキング,Vol 156,,Vol +5,Vol 4,,,Ep 113A (213),,,,,,
SD,1976-08,Close Encounter,ハロー宇宙人,Vol 11,,Vol 13,Vol 20,Ep 109–110,,Ep 6B (12),,,,,,
G1,1976-09,The Dinky Derby,いっすんぼうし,Vol 58,Vol 2-6,Vol 16,Vol 9,Ep 201,,Ep 300B (491),,,,,,
G2,1976-09,The Pain Reflector,痛みはね返りミラー,Vol 184,,,Vol 8,Ep 391,,Ep 694A (1212),,,,,,
G3,1976-09,The Future Radio,みらいラジオ,Vol 144,,Vol +1,Vol 7,Ep 1159,,,,,,,,
G4,1976-09,The Typhoon Fan,風神さわぎ,Vol 51,,Vol 13,Vol 6,Ep 1318,,Ep 716B (1248),,,,,,
G5,1976-09,The Luvbrella,あいあいパラソル,Vol 48,Vol 2-3,Vol 12,Vol 5,Ep 94,,Ep 397A (678),,,,,,
G6,1976-09,The Weather Maker Chart,天気決定表,Vol 48,,Vol 12,Vol 4,Ep 1362,,,,,,,,
SD,1976-09,The War in the Pond,ラジコン大海戦,Vol 53,,Vol 14,Vol 20,Ep 65,,Ep 32B (63),,,,,,
G1,1976-10,Mini Typhoons,ミニたいふう,Vol 185,,Vol +7,Vol 9,Ep 327,,,,,,,,
G2,1976-10,Sonic Solidifier,声のかたまり,Vol 200,,Vol 12,Vol 8,Ep 63,,Ep 30B (59),,,,,,
G3,1976-10,Turning Straw to Gold,チョージャワラシベ,Vol 49,,Vol 13,Vol 7,Ep 295,Ep 970,Ep 564B (1006),,,,,,
G4,1976-10,The Time Bomb Badge,チクタクボンワッペン,Vol 158,,Vol +6,Vol 6,Ep 650,,Ep 642B (1126),,,,,,
G5,1976-10,The Call Button,呼びつけブザー,Vol 146,,Vol +2,Vol 5,Ep 1127,,,,,,,,
G6,1976-10,Noby's Best Friend,チューケンパー,Vol 151,,Vol +4,Vol 4,Ep 634,,Ep 193 (325),Ep 532B (946),,,,,
G1,1976-11,Monkeying Around,キングコング,Vol 185,,,Vol 9,Ep 240,,,,,,,,
G2,1976-11,Fishing Indoors,勉強べやの釣り堀,Vol 9,,Vol 12,Vol 8,Special (Ep 159A),,Ep 1A (1),,,,,,
G3,1976-11,The Statics Suit,ちく電スーツ,Vol 49,,Vol 13,Vol 7,Ep 550,,Ep 685B (1197),,,,,,
G4,1976-11,The Alien House,宇宙人の家？,Vol 53,Vol 1-5,Vol 14,Vol 6,Ep 125,Ep 1350,Ep 453B (797),,,,,,
G5,1976-11,The Magical Hands,マジックハンド,Vol 50,Vol 1-4,Vol 13,Vol 5,Ep 174,Ep 1370,Ep 347A (582),,,,,,
G6,1976-11,Shedding Like a Snake,からだの皮をはぐ話,Vol 51,Vol 2-2,Vol 14,Vol 4,Ep 251,,Ep 218A (360),,,,,,
G1,1976-12,The Arrow to School,弓やで学校へ,Vol 49,Vol 1-4,Vol 13,Vol 9,Ep 86,,Ep 624A (1091),,,,,,
G2,1976-12,The Pop-Through Pillow,つきぬけざぶとん,Vol 184,,Vol +7,Vol 8,Ep 1086,,,,,,,,
G3,1976-12,The Badge of Gratitude,サンキューバッジ,Vol 183,,Vol +7,Vol 7,Ep 1151,,,,,,,,
G4,1976-12,The King of Base Stealers,盗塁王をめざせ,Vol 50,,Vol 13,Vol 6,Ep 414,,Ep 903A (1503),,,,,,
G5,1976-12,The Over-the-Top Overcoat,オーバーオーバー,Vol 7,Vol 3-2,Vol 13,Vol 5,Ep 144,Ep 1371,Ep 35B (70),Ep 542B (965),,,,,
G6,1976-12,Dream Dad,夢まくらのおじいさん,Vol 12,Vol 1-5,Vol 14,Vol 4,Ep 176,Ep 942,Ep 214 (354),,,,,,
TK,1976-12,What If? Box Nighttime Edition,もしもボックスで昼ふかし！？,Vol 198,,,Vol 18,Ep 1421,,Ep 544B (969),,,,,,
G1,1977-01,The Cover-Up Spray,かたづけラッカー,Vol 60,Vol 1-6,Vol 17,Vol 9,Ep 1256,,,,,,,,
G2,1977-01,The Remora Magnet,いただき小ばん,Vol 49,,Vol 13,Vol 8,Ep 246,,Ep 701A (1223),,,,,,
G3,1977-01,Big G's Special Stew,ジャイアンシチュー,Vol 49,,Vol 13,Vol 7,Ep 271,,Ep 131A (240),Ep 283A (460),Ep 548B (976),,,,
G4,1977-01,The Soul Slipper,タマシイム・マシン,Vol 51,Vol 1-4,Vol 13,Vol 6,Ep 136,Ep 940,Ep 409C (712),,,,,,
G5,1977-01,A World without Money,お金のいらない世界,Vol 49,,Vol 13,Vol 5,Ep 183,,Ep 384B (656),,,,,,
G6,1977-01,Portable Parliament,ポータブル国会,Vol 200,,Vol 15,Vol 4,Ep 167,Ep 1480,Ep 378B (644),,,,,,
G1,1977-02,The Robot Snowman,ロボット雪だるま,Vol 158,,Vol +6,Vol 9,Ep 644,,Ep 589B (1048),,,,,,
G2,1977-02,The Grab-a-Scope,手にとり望遠鏡,Vol 49,Vol 1-4,Vol 13,Vol 8,Ep 117,,Ep 618A (1081),,,,,,
G3,1977-02,The Psychic Mic,念録マイク,Vol 52,,Vol 14,Vol 7,Ep 442,,,,,,,,
G4,1977-02,The Back-to-Basicizer,もどりライト,Vol 50,Vol 3-1,Vol 13,Vol 6,Ep 112,,Ep 297B (485),,,,,,
G5,1977-02,What Happens at 7:00,七時に何かがおこる,Vol 50,,Vol 13,Vol 5,Ep 235,Ep 1218,Ep 404A (695),,,,,,
G6,1977-02,Ads by Mirror,かがみでコマーシャル,Vol 51,Vol 3-1,Vol 14,Vol 4,Ep 88,Ep 973,Ep 336B (561),Ep 814A (1390),,,,,
TK,1977-02,The Path of Evil,悪の道を進め！,Vol 53,,Vol 14,Vol 18,Ep 126,Ep 1065,Ep 150B (269),,,,,,
G1,1977-03,Go On and Hit Me,なぐられたってへっちゃらだい,Vol 145,,Vol +2,Vol 9,Ep 389,,,,,,,,
G2,1977-03,The Infinity Lasso,ナゲーなげなわ,Vol 57,Vol 1-5,Vol 16,Vol 8,Ep 124,,Ep 700B (1222),,,,,,
G3,1977-03,The Fusion Glue,合体ノリ,Vol 49,,Vol 13,Vol 7,Ep 376,,Ep 539A (958),,,,,,
G4,1977-03,The Space Simulator,ロケットそうじゅうくんれん機,Vol 50,,Vol 13,Vol 6,Ep 103,Ep 856,Ep 463A (815),,,,,,
G5,1977-03,The Tripinator,ころばし屋,Vol 50,,Vol 13,Vol 5,Ep 5,,Ep 15A (29),,,,,,
G6,1977-03,Best Dad Ever!,りっぱなパパになるぞ！,Vol 56,Vol 1-5,Vol 16,Vol 4,Ep 170,,Ep 45B (89),Ep 874B (1469),,,,,
TK,1977-03,Treasure Mountain,宝さがしごっこセット,Vol 50,,Vol 13,Vol 18,Ep 145,Ep 987,Ep 290B (472),Ep 839A (1421),,,,,
G1,1977-04,Spinners,クルリン自動車,Vol 186,,,Vol 10,Ep 388,,,,,,,,
G2,1977-04,The Time Bank,時間貯金箱,Vol 56,,Vol 16,Vol 9,Ep 252,,Ep 848B (1435),,,,,,
G3,1977-04,"Far, Far From Home",家がだんだん遠くなる,Vol 8,Vol 1-5,Vol 14,Vol 8,Ep 118,,Ep 22B (43),,,,,,
G4,1977-04,The Do-Over Device,人生やりなおし機,Vol 55,Vol 3-2,Vol 15,Vol 7,Ep 71,Ep 1295,Ep 137B (250),,,,,,
G4,1977-04,Chain Letter Club,不幸の手紙同好会,Vol 54,,Vol 15,Vol 7,Ep 305,,,,,,,,
G5,1977-04,The Infinity Pass,オールマイティーパス,Vol 54,,Vol 15,Vol 6,Ep 100,Ep 1445,Ep 4B (8),Ep 436B (764),,,,,
G6,1977-04,The Rank Patches,階級ワッペン,Vol 55,,Vol 15,Vol 5,Ep 161,,Ep 117A (219),,,,,,
TK,1977-04,It's a Cat's Cradle World,あやとり世界,Vol 56,,Vol 15,Vol 18,,,Ep 231 (379),Ep 822A (1399),,,,,
G1,1977-05,The Forced Savings Plan,むりやり貯金箱,Vol 186,,,Vol 10,Ep 462,,,,,,,,
G2,1977-05,The Four-Dimensional Pocket,四次元ポケット,Vol 57,Vol 1-5,Vol 16,Vol 9,Ep 1250,,,,,,,,
G3,1977-05,A World Without Sound,音のない世界,Vol 3,,Vol 16,Vol 8,,,,,,,,,
G4,1977-05,The Moodmaker Orchestra,ムードもりあげ楽団登場！,Vol 52,Vol 1-5,Vol 14,Vol 7,Ep 296,,Ep 14A (27),Ep 410A (713),Ep 619B (1083),,,,
G5,1977-05,The Earth Escape Plan,地球脱出計画,Vol 146,,Vol +2,Vol 6,Ep 281,,Ep 354A (597),,,,,,
G6,1977-05,The Hide-A-Room,ナイヘヤドア,Vol 54,Vol 3-4,Vol 15,Vol 5,Ep 20,Ep 1651,Ep 429B (753),,,,,,
G1,1977-06,Circus Shoes,サーカスぐつ,Vol 170,,,Vol 10,,,,,,,,,
G2,1977-06,The Railroad Crossing Kit,ふみきりセット,Vol 55,Vol 3-5,Vol 15,Vol 9,Ep 293,,Ep 695A (1213),,,,,,
G3,1977-06,The Tall Tale Teller,ホラふきご先祖,Vol 52,,Vol 14,Vol 8,Ep 106,Ep 991,Ep 380B (648),,,,,,
G4,1977-06,The Delete Key,どくさいスイッチ,Vol 17,Vol 2-5,Vol 15,Vol 7,Ep 101,Ep 1345,Ep 3 (6),Ep 328B (545),,,,,
G5,1977-06,The Virtuality Cap,実感帽,Vol 62,Vol 1-6,Vol 18,Vol 6,Ep 288,Ep 1396,Ep 731B (1272),,,,,,
G6,1977-06,Toy Car Training Center,ミニカー教習所,Vol 52,Vol 3-1,Vol 14,Vol 5,Ep 135,,,,,,,,
TK,1977-06,The Unscrewdriver,分解ドライバー,Vol 199,,,Vol 18,,,,,,,,,
G1,1977-07,Aquarium Spray,水族館ガス,Vol 186,,,Vol 10,Ep 334,,,,,,,,
G2,1977-07,Cloudswimming,雲の中のプール,Vol 19,Vol 1-5,Vol 14,Vol 9,Ep 83,,Ep 98A (186),,,,,,
G3,1977-07,Clouds and Crafts,雲ざいくで遊ぼう,Vol 58,,Vol 16,Vol 8,Ep 76,,,,,,,,
G4,1977-07,Adrift in Time,大むかし漂流記,Vol 59,,Vol 17,Vol 7,Ep 194,,Ep 37B (74),Ep 589A (1047),,,,,
G5,1977-07,The Buck-Passing Glove,タッチ手ぶくろ,Vol 59,,Vol 17,Vol 6,Ep 213,Ep 1395,,,,,,,
G6,1977-07,Paradise Indoors,へやの中の大自然,Vol 66,Vol 2-4,Vol 20,Vol 5,Ep 262,Ep 1025,Ep 445A (781),,,,,,
G1,1977-08,Waterproof Origami,防水折り紙,Vol 186,,,Vol 10,,,,,,,,,
G2,1977-08,The Ultra Armor,ウルトラよろい,Vol 58,Vol 1-5,Vol 16,Vol 9,Ep 140,,Ep 118A (221),Ep 499A (882),,,,,
G3,1977-08,The Man-Eating House,人食いハウス,Vol 53,,Vol 14,Vol 8,Ep 149,,Ep 569B (1017),,,,,,
G4,1977-08,The Candy Ranch,おかし牧場,Vol 76,Vol 1-8,Vol 24,Vol 7,Ep 220,,Ep 111B (210),Ep 493A (871),,,,,
G5,1977-08,The Dreamer TV,ゆめのチャンネル,Vol 54,Vol 1-5,Vol 15,Vol 6,Ep 138,,Ep 38A (75),Ep 505B (895),,,,,
G6,1977-08,The Sahara's No Place to Study,サハラ砂漠で勉強はできない,Vol 58,Vol 3-5,Vol 16,Vol 5,Ep 121,,Ep 342B (574),Ep 621A (1086),,,,,
TK,1977-08,African Adventure,ターザンパンツで大活躍！？,Vol 199,,,Vol 18,,,,,,,,,
G1,1977-09,The Dream Pillow,夢まくら,Vol 186,,,Vol 10,Ep 491,,,,,,,,
G2,1977-09,The Future Diary,あらかじめ日記はおそろしい,Vol 58,Vol 2-5,Vol 16,Vol 9,Ep 209,,Ep 57B (114),,,,,,
G3,1977-09,The Singer/Songwriter,シンガーソングライター,Vol 58,,Vol 16,Vol 8,Ep 1422,,Ep 710B (1236),,,,,,
G4,1977-09,"Kitty Cat, Inc.",ネコが会社を作ったよ,Vol 54,Vol 2-1,Vol 15,Vol 7,Ep 115,,Ep 97B (185),Ep 667A (1167),,,,,
G5,1977-09,The Tele-Tagger,実物射的で狙い撃ち,Vol 182,,,Vol 6,Ep 53,,,,,,,,
G6,1977-09,My Dad the Baby,パパもあまえんぼ,Vol 17,Vol 1-5,Vol 16,Vol 5,Ep 162,Ep 851,Ep 368A (623),,,,,,
G1 1977-10,1977-10,The Jack-in-the-Whatever,びっくり箱ステッキ,Vol 57,,Vol 16,Vol 10,Ep 147,,Ep 404B (696),,,,,,
G2,1977-10,The Fantasy Lens,空想レンズ,Vol 185,,,Vol 9,Ep 352,,,,,,,,
G3,1977-10,The Stickerbot Rebellion,ロボッターの反乱,Vol 64,,Vol 19,Vol 8,Ep 249,,Ep 709B (1234),,,,,,
G4,1977-10,Moving Day,あちこちひっこそう,Vol 60,Vol 3-1,Vol 17,Vol 7,Ep 207,,Ep 396B (677),,,,,,
G5,1977-10,The Invincibath,ジークフリート,Vol 182,,,Vol 6,Ep 1634,,,,,,,,
G6,1977-10,The Season Selector,オールシーズンバッジ,Vol 56,,Vol 16,Vol 5,Ep 204,Ep 1337,Ep 28A (54),Ep 729A (1267),,,,,
G1,1977-11,Uber Pepper,ばくはつこしょう,Vol 149,,Vol +3,Vol 10,Ep 314,,Ep 326A (540),Ep 751A (1300),,,,,
G2,1977-11,The Deluxifier,デラックスライト,Vol 57,,Vol 16,Vol 9,Ep 338,,Ep 366A (619),,,,,,
G3,1977-11,Noby's Finest Hour,のび太の名場面,Vol 137,,Vol 44,Vol 8,Ep 1463,,,,,,,,
G4,1977-11,The Owner Identifier,持ち主あて機,Vol 159,,Vol +6,Vol 7,Ep 247,Ep 1413,,,,,,,
G5,1977-11,True Hunger,腹ぺこのつらさ知ってるかい,Vol 137,Vol 3-6,Vol 44,Vol 6,Ep 265,,Ep 408C (709),,,,,,
G6,1977-11,The Test Talker,架空通話アダプター,Vol 155,,Vol +5,Vol 5,Ep 307,,Ep 467B (824),,,,,,
TK,1977-11,Runaway Island,無人島へ家出,Vol 52,Vol 2-4,Vol 14,Vol 18,Ep 120,Ep 1027,Ep 143 (258),Ep 622B (1088),,,,,
G1,1977-12,Santa's Chimney,サンタえんとつ,Vol 64,,Vol 19,Vol 10,Ep 1332,,,,,,,,
G2,1977-12,Inny Outy Dust,中身ポン,Vol 163,,,Vol 9,,,,,,,,,
G2,1977-12,The Great Paper War,紙工作が大あばれ,Vol 6,Vol 1-6,Vol 17,Vol 9,Ep 33,,Ep 39A (77),,,,,,
G3,1977-12,The Ticked-Off Timer,ムシャクシャカーッとしたら,Vol 136,,Vol 44,Vol 8,Ep 300,,Ep 397C (680),,,,,,
G4,1977-12,The House-Robo,家がロボットになった,Vol 60,Vol 1-6,Vol 17,Vol 7,Ep 57,Ep 1348,Ep 217B (359),Ep 640B (1122),,,,,
G5,1977-12,The Temper Heater,カッカホカホカ,Vol 158,,Vol +6,Vol 6,Ep 605,,Ep 740B (1286),,,,,,
G6,1977-12,Noby vs. Noby,ぼくを止めるのび太,Vol 142,,Vol +1,Vol 5,Ep 1472,,Ep 255B (411),,,,,,
G1,1978-01,Funbrellas,おかしなおかしなかさ,Vol 12,Vol 3-4,Vol 19,Vol 10,Ep 224,,Ep 11A (20),Ep 867B (1462),,,,,
G2,1978-01,The Treasure-Finder,たからさがしカウンター,Vol 170,,,Vol 9,Ep 1161,,,,,,,,
G3,1978-01,Kite-Dropping,空高くたこを落とせ,Vol 184,,,Vol 8,,,,,,,,,
G4,1978-01,The Walksleeper,立ちユメぼう,Vol 57,,Vol 16,Vol 7,Ep 206,,Ep 590A (1049),,,,,,
G5,1978-01,Getting Hurt without Getting Hurt,無事故でけがをした話,Vol 71,Vol 1-7,Vol 22,Vol 6,Ep 291,,,,,,,,
G6,1978-01,Personal Satellites,自家用衛星,Vol 60,,Vol 17,Vol 5,Ep 70,Ep 1378,Ep 735B (1278),,,,,,
G1,1978-02,The Bro Badges,兄弟シール,Vol 88,,Vol 28,Vol 10,Ep 289,Ep 1406,Ep 469B (828),,,,,,
G2,1978-02,Noby's Web,クモノイトン,Vol 170,,,Vol 9,Ep 344,,Ep 500A (884),,,,,,
G3,1978-02,Doublixir,バイバイン,Vol 4,Vol 2-5,Vol 17,Vol 8,Ep 231,,Ep 135A (246),Ep 497A (878),,,,,
G4,1978-02,"First Come, First Reserved",ドラやき・映画・予約ずみ,Vol 60,,Vol 17,Vol 7,Ep 38,,Ep 757B (1309),,,,,,
G5,1978-02,The Creature Teacher Glove,猛獣ならし手ぶくろ,Vol 183,,Vol +7,Vol 6,Ep 23,,Ep 881A (1477),,,,,,
G6,1978-02,The Leaflector,ドロン葉,Vol 57,Vol 2-1,Vol 16,Vol 5,Ep 128,Ep 938,Ep 67A (130),Ep 293B (477),,,,,
G1,1978-03,The Springbringer Fan,はるかぜうちわ,Vol 186,,,Vol 10,Ep 1164,,,,,,,,
G2,1978-03,The Talkspray,モノモース,Vol 57,Vol 1-5,Vol 16,Vol 9,Ep 261,Ep 1398,Ep 846B (1432),,,,,,
G3,1978-03,"The ""Open! Sez Me"" Key",ゴマロック,Vol 184,,,Vol 8,Ep 221,,,,,,,,
G4,1978-03,Vroom Vroom Vacuum,ドライブはそうじ機に乗って,Vol 61,,Vol 18,Vol 7,Ep 292,Ep 1657,Ep 216B (357),Ep 639B (1120),,,,,
G5,1978-03,The Muscle Controller,筋肉コントローラー,Vol 150,,Vol +3,Vol 6,Ep 276,,Ep 882B (1478),,,,,,
G6,1978-03,The Daruma Doll,あの日あの時あのダルマ,Vol 62,Vol 3-1,Vol 18,Vol 5,Ep 61,Ep 908,Ep 157B (281),,,,,,
G1,1978-Sp,The Crayon-Cutter,きりがみクレヨン,Vol 187,,,Vol 11,,,,,,,,,
G1,1978-04,The Butterflapter,バタバタフライ,Vol 161,,,Vol 11,Ep 337,,,,,,,,
G2,1978-04,R/C Army,ラジコンでやっつけろ,Vol 170,,,Vol 10,Ep 1105,,,,,,,,
G3,1978-04,The Hundred Trials Timer,百苦タイマー,Vol 200,Vol 2-5,Vol 18,Vol 9,Ep 285,Ep 1391,,,,,,,
G4,1978-04,U.F. Yo!,未知とのそうぐう機,Vol 9,Vol 2-2,Vol 17,Vol 8,Ep 46,,Ep 66B (129),Ep 691B (1207),,,,,
G5,1978-04,Noby's Marathon,のび太が九州まで走った！！,Vol 9,,Vol 18,Vol 7,Ep 272,,,,,,,,
G6,1978-04,The Stuporsonic Verminator,驚音波発振機,Vol 16,,Vol 17,Vol 6,Ep 264,Ep 1390,Ep 4A (7),,,,,,
G1,1978-05,Mini Garage,ミニカーガレージ,Vol 170,,,Vol 11,,,,,,,,,
G2,1978-05,The Thought Projector,イメージ灯,Vol 167,,,Vol 10,Ep 243,,,,,,,,
G3,1978-05,The Psychic Robot,テレパスロボット,Vol 185,,,Vol 9,Ep 258,,,,,,,,
G4,1978-05,The Bug Pellets,無敵コンチュー丹,Vol 64,,Vol 19,Vol 8,Ep 290,Ep 1076,Ep 29B (57),Ep 557B (992),,,,,
G5,1978-05,The Starring Roller,主役はめこみ機,Vol 59,,Vol 17,Vol 7,Ep 227,,Ep 677B (1186),,,,,,
G6,1978-05,Weekly Nobita,週刊のび太,Vol 10,,Vol 17,Vol 6,Ep 392,,Ep 632A (1107),,,,,,
G1,1978-06,Paper House,ふしぎなかみのいえ,Vol 170,,,Vol 11,,,,,,,,,
G2,1978-06,The Plant Pen,植物ペン,Vol 170,,,Vol 10,Ep 397,,Ep 686B (1199),,,,,,
G3,1978-06,Noby's Personal Theater,のび太の部屋でロードショー,Vol 61,,Vol 18,Vol 9,Ep 342,,,,,,,,
G4,1978-06,My Little Newsroom,新聞社ごっこセット,Vol 157,,Vol +6,Vol 8,Ep 273,Ep 1775,Ep 712B (1240),,,,,,
G5,1978-06,The Yes-M'Lord Drops,コーモンじょう,Vol 62,,Vol 18,Vol 7,Ep 298,,,,,,,,
G6,1978-06,The Girlfriend Catalog,ガールフレンドカタログ,Vol 12,Vol 2-3,Vol 18,Vol 6,Ep 116,,Ep 144B (260),,,,,,
G1,1978-07,The Multi-planter,フエールうえ木ばち,Vol 187,,,Vol 11,Ep 451,,,,,,,,
G2,1978-07,The Ultra Super Batteries,ウルトラスーパー電池,Vol 171,,,Vol 10,Ep 326,,Ep 912B (1516),,,,,,
G3,1978-07,The Make-You-Sweatpants,ムリヤリトレパン,Vol 59,Vol 1-6,Vol 17,Vol 9,Ep 286,Ep 1407,Ep 486A (858),,,,,,
G4,1978-07,Take Care in the Air,空であそんじゃあぶないよ,Vol 59,,Vol 17,Vol 8,Ep 259,,Ep 884B (1481),,,,,,
G5,1978-07,The Room Swimmer,ルームスイマー,Vol 61,Vol 1-6,Vol 18,Vol 7,Ep 500,,Ep 489A (864),,,,,,
G6,1978-07,Topsy Turvy Planet,あべこべ惑星,Vol 7,,Vol 17,Vol 6,Ep 1199,,Ep 175 (301),Ep 610B (1073),,,,,
G1,1978-08,The Thunder Drum,かみなりだいこ,Vol 187,,,Vol 11,Ep 1166,,Ep 790B (1357),,,,,,
G2,1978-08,The Indoor Express,ブルートレインはぼくの家,Vol 81,,Vol 25,Vol 10,Ep 365,,Ep 259B (417),,,,,,
G3,1978-08,The Favori-Tree,ひい木,Vol 61,,Vol 18,Vol 9,Ep 198,Ep 1375,Ep 308B (506),Ep 858A (1450),,,,,
G4,1978-08,Animal Training,動物くんれん屋,Vol 152,,Vol +4,Vol 8,Ep 393,,Ep 283B (461),,,,,,
G5,1978-08,King of the Space,宇宙ターザン,Vol 58,,Vol 16,Vol 7,Ep 133–134,,Ep 43C (86),,,,,,
G6,1978-08,Strolling on the Seabed,海に入らず海底を散歩する方法,Vol 63,,Vol 19,Vol 6,Ep 436,,Ep 178A (305),Ep 567B (1012),,,,,
G1,1978-09,Yacht Adventure,ヨット大冒険,Vol 187,,,Vol 11,Ep 402,,Ep 813A (1389),,,,,,
G2,1978-09,The Audio Camera,サウンドカメラ,Vol 148,,Vol +3,Vol 10,Ep 356,,,,,,,,
G3,1978-09,Canned Seasons,季節カンヅメ,Vol 137,Vol 3-6,Vol 44,Vol 9,Ep 406,,,,,,,,
G4,1978-09,Space Wars in the Attic,天井うらの宇宙戦争,Vol 63,,Vol 19,Vol 8,Special (Ep 491A),,Ep 12C (24),Ep 491 (868),,,,,
G5,1978-09,The Pick-a-Door,プッシュドア,Vol 66,,Vol 20,Vol 7,Ep 248,,Ep 614A (1077),,,,,,
G6,1978-09,The Little House in the Glacier,大氷山の小さな家,Vol 61,,Vol 18,Vol 6,Ep 464,,Ep 223B (368),,,Nobita's Great Adventure in the Antarctic Kachi Kochi,,,
G1,1978-10,R/C Clay,ラジコンねんど,Vol 188,,,Vol 11,Ep 357,,,,,,,,
G2,1978-10,The Course Marker,コース決定機,Vol 171,,,Vol 10,Ep 563,,,,,,,,
G3,1978-10,The Home Exerciser,アスレチック・ハウス,Vol 63,Vol 1-6,Vol 19,Vol 9,Ep 229,,Ep 97A (184),,,,,,
G4,1978-10,The Zero-Gravity House,野比家が無重力,Vol 101,,Vol 32,Vol 8,Ep 349,,Ep 154B (276),,,Nobita Drifts in the Universe,,,
G5,1978-10,The Reverse ESP Nuts,テレパしい,Vol 61,Vol 1-6,Vol 18,Vol 7,Ep 253,Ep 1452,Ep 480B (848),,,,,,
G6,1978-10,A Snowcapped Romance,雪山のロマンス,Vol 67,Vol 1-7,Vol 20,Vol 6,Ep 283,Ep 1024,Ep 32A (62),Ep 352C (594),,Stand by Me Doraemon,,,
G1,1978-11,The Instant Delivery Machine,忘れ物おくりとどけ機,Vol 77,Vol 1-8,Vol 24,Vol 11,Ep 318,,Ep 299B (489),,,,,,
G2,1978-11,Leaf Money,木の葉でお買い物,Vol 171,,,Vol 10,Ep 423,,,,,,,,
G3,1978-11,The Gratitude Adjuster,ありがたみわかり機,Vol 18,Vol 1-6,Vol 19,Vol 9,Ep 270,Ep 1077,Ep 250B (403),Ep 742A (1288),,,,,
G4,1978-11,Noby's Window,あの窓にさようなら,Vol 65,Vol 1-6,Vol 19,Vol 8,Ep 238,Ep 852,Ep 188 (318),,,,,,
G5,1978-11,The Delivery Phone,出前電話,Vol 64,Vol 1-6,Vol 19,Vol 7,Ep 299,,Ep 623B (1090),,,,,,
G6,1978-11,Moas and Dodos Forever,モアよドードーよ、永遠に,Vol 18,Vol 2-4,Vol 17,Vol 6,Special (Ep 541B),,,,,Nobita and the Island of Miracles,,,
CD,1978-11,Doraemon's Birth!,ドラえもん誕生,Vol 199,,Vol 0,Vol 20,,,,,,,,2112: The Birth of Doraemon,
G1,1978-12,The Emotion Magnum,ゲラメソプンピストル,Vol 188,,,Vol 11,Ep 411,,,,,,,,
G2,1978-12,The Wish Blaster,ノゾミルじゅう,Vol 167,,,Vol 10,Ep 463,,Ep 705B (1227),,,,,,
G3,1978-12,The Million-Volt Eyes,百万ボルトひとみ,Vol 151,,Vol +4,Vol 9,Ep 448,,Ep 446B (784),,,,,,
G4,1978-12,Happy Little Planet,しあわせのお星さま,Vol 13,,Vol 18,Vol 8,Ep 358,,Ep 644B (1130),,,,,,
G5,1978-12,The Sandman Sleeps at Night,ねむれぬ夜に砂男,Vol 62,,Vol 18,Vol 7,Ep 278,,,,,,,,
G6,1978-12,Noby's Secret Tunnels,のび太の秘密トンネル,Vol 64,Vol 1-6,Vol 19,Vol 6,Ep 339,Ep 1675,Ep 335B (559),,,,,,
G1,1979-01,Mini Santa,ミニサンタ,Vol 151,,Vol +4,Vol 11,Ep 489,,Ep 583A (1038),,,,,,
G2,1979-01,The All-In-One Appliance,オコノミボックス,Vol 63,,Vol 19,Vol 10,Ep 516,,Ep 643A (1127),,,,,,
G3,1979-01,The 3D Pinhole Camera,実物立体日光写真,Vol 66,,Vol 20,Vol 9,Ep 267,,,,,,,,
G4,1979-01,Free Money,出てくる出てくるお年玉,Vol 67,,Vol 20,Vol 8,Ep 1333,,Ep 584B (1040),,,,,,
G5,1979-01,Amazing Maze,ホームメイロ,Vol 11,Vol 1-6,Vol 18,Vol 7,Ep 430,Ep 935,Ep 187A (316),Ep 766A (1321),,,,,
G6,1979-01,The Dorayaki as Big as the Ritz,へやいっぱいの大ドラやき,Vol 67,,Vol 20,Vol 6,Ep 328,,Ep 577A (1031),,,,,,
TK,1979-01,Abominable Snow Job,雪男のアルバイト,Vol 152,,Vol +4,Vol 19,Ep 591,,Ep 107B (202),Ep 744B (1291),,,,,
G1,1979-02,Games in Space,宇宙探検すごろく,Vol 67,Vol 1-7,Vol 20,Vol 11,Ep 482,,Ep 436A (763),,,,,,
G2,1979-02,Go Parts,乗り物アクセサリー,Vol 167,,,Vol 10,Ep 25,,,,,,,,
G3,1979-02,The New Year's Sunrise Set,初日の出セット,Vol 158,,Vol +6,Vol 9,Ep 492,,Ep 637C (1116),,,,,,
G4,1979-02,The Doc-in-a-Box,お医者さんカバン,Vol 65,,Vol 20,Vol 8,Ep 1339,,Ep 471B (832),,,,,,
G5,1979-02,"Good House, Bad House",よい家悪い家,Vol 98,,Vol 31,Vol 7,Ep 459,,Ep 353A (595),,,,,,
G6,1979-02,The Around the World Quiz,クイズは地球をめぐる,Vol 19,,Vol 19,Vol 6,Ep 280,,Ep 279A (452),,,,,,
G1,1979-03,Making Snow,雪ふらし,Vol 188,,,Vol 11,Ep 490,,,,,,,,
G2,1979-03,The Training Ring,ごくうリング,Vol 171,,,Vol 10,Ep 51,,,,,,,,
G3,1979-03,The Air Stair Maker,空気ブロックせいぞう機,Vol 186,,,Vol 9,Ep 59,,,,,,,,
G4,1979-03,Ask the Fate Forecaster,答え一発！みこみ予ほう機,Vol 184,,Vol +7,Vol 8,Ep 114,Ep 1357,Ep 777A (1336),,,,,,
G5,1979-03,The Couple Tester Badges,カップルテストバッジ,Vol 63,Vol 2-3,Vol 19,Vol 7,Ep 304,,Ep 79B (154),,,,,,
G6,1979-03,The Body-Swap Bar,身がわりバー,Vol 159,,Vol +6,Vol 6,Ep 250,,,,,,,,
G1,1979-04,Fun with Cloud Clay,ふわりねんど,Vol 170,,,Vol 12,Ep 370,,,,,,,,
G2,1979-04,The Shockwave Shooter,しょうげき波ピストル,Vol 188,,,Vol 11,Ep 354,,,,,,,,
G3,1979-04,Super Big G,スーパージャイアン,Vol 146,,Vol +2,Vol 10,Ep 142,Ep 1165,Ep 90A (172),,,,,,
G4,1979-04,Radish Rampage,だいこんダンスパーティー,Vol 15,Vol 2-6,Vol 21,Vol 9,Ep 182,Ep 1481,Ep 233 (382),Ep 775A (1334),,,,,
G5,1979-04,The Automatic Pawnshop,自動質屋機,Vol 62,,Vol 18,Vol 8,Ep 279,Ep 936,Ep 417B (728),,,,,,
G6,1979-04,The R/C Run-Around,ラジコンシミュレーターでぶっとばせ,Vol 71,Vol 1-7,Vol 22,Vol 7,Ep 275,,,,,,,,
G1,1979-05,Pep Pellets,げんきえさ,Vol 170,,,Vol 12,Ep 333,,Ep 362B (612),,,,,,
G2,1979-05,Projection Paint,デカチンキ,Vol 164,,,Vol 11,Ep 614,,Ep 734 (Short),,,,,,
G3,1979-05,The Viddy-Me Deck,わりこみビデオでテレビ出演,Vol 187,,,Vol 10,Ep 418,,,,,,,,
G4,1979-05,No Matter the Price,お金がわいて出た話,Vol 17,,Vol 18,Vol 9,Ep 360,,,,,,,,
G5,1979-05,The Phobia-Maker,苦手つくり機,Vol 150,,Vol +3,Vol 8,Ep 158,Ep 1643,Ep 210A (348),,,,,,
G6,1979-05,The Discipline Drops,しつけキャンディー,Vol 71,Vol 1-7,Vol 22,Vol 7,Ep 287,Ep 1476,Ep 313A (515),Ep 560A (997),,,,,
TK,1979-05,The Thrill Boomerang,スリルブーメラン,Vol 61,Vol 1-6,Vol 18,Vol 19,Ep 294,,Ep 473A (835),,,,,,
G1,1979-06,The Dandelion Fuzz Comb,たんぽぽくし,Vol 165,,,Vol 12,Ep 522,,Ep 860A (1452),,,,,,
G2,1979-06,"Rich Dad, Poor Dad",ふくびんコンビ,Vol 65,Vol 1-7,Vol 20,Vol 11,Ep 394,,Ep 359A (605),,,,,,
G3,1979-06,The Mind Camera,念写カメラマン,Vol 70,Vol 1-7,Vol 21,Vol 10,Ep 364,,,,,,,,
G4,1979-06,The Time Scope,きりかえ式タイムスコープ,Vol 86,,Vol 27,Vol 9,Ep 367,Ep 1653,,,,,,,
G5,1979-06,Pandora's Monster,パンドラのお化け,Vol 16,,Vol 19,Vol 8,Ep 274,Ep 1399,Ep 460A (809),,,,,,
G6,1979-06,Homemade Missile Defense,手作りミサイル大作戦,Vol 137,,Vol 44,Vol 7,Ep 233,,,,,,,,
TK,1979-06,The Dandelion's Journey,タンポポ空を行く,Vol 62,Vol 1-6,Vol 18,Vol 19,Ep 381,Ep 1617,Ep 5B (10),Ep 658B (1152),,,,,
G1,1979-07,Air Gloves,空気てぶくろ,Vol 171,,,Vol 12,,,,,,,,,
G2,1979-07,Nosebubbles,はなバルーン,Vol 158,,Vol +6,Vol 11,Ep 452,,Ep 343B (576),,,,,,
G3,1979-07,Real Dinosaurs!?,恐竜が出た！？,Vol 68,,Vol 21,Vol 10,Ep 595–596,,Ep 39B (78),,,,,,
G4,1979-07,Alone in the Future,未来の町にただ一人,Vol 68,,Vol 21,Vol 9,Ep 1270,,Ep 53A (104),Ep 665A (1164),,,,,
G5,1979-07,The Superlungs,強力ハイポンプガス,Vol 139,,Vol 45,Vol 8,Ep 415,Ep 1679,Ep 822B (1400),,,,,,
G6,1979-07,The Experience Recorder,録験機で楽しもう,Vol 98,,Vol 31,Vol 7,Ep 428,Ep 1671,Ep 527A (935),,,,,,
TK,1979-07,The Spy Satellites,スパイ衛星でさぐれ,Vol 61,,Vol 18,Vol 19,Ep 469,,Ep 630A (1103),,,,,,
G1,1979-08,R/C Heart Parts,ラジコンのもと,Vol 165,,,Vol 12,,,Ep 730 (Short),,,,,,
G2,1979-08,The Happy Little Mermaid,しあわせな人魚姫,Vol 8,Vol 2-6,Vol 19,Vol 11,Ep 417,,Ep 181 (309),,,,,,
G3,1979-08,Summer Doll House,ミニハウスでさわやかな夏,Vol 69,,Vol 21,Vol 10,Ep 447,,Ep 374A (636),,,,,,
G4,1979-08,The 2-dehydrator Camera,チッポケット二次元カメラ,Vol 12,,Vol 20,Vol 9,Ep 320,Ep 1501,Ep 56B (112),,,,,,
G5,1979-08,The Crowd-be-Gone Gyro,人よけジャイロ,Vol 63,,Vol 19,Vol 8,Ep 396,,Ep 292A (474),Ep 889A (1487),,,,,
G6,1979-08,The Medusa Head,ゴルゴンの首,Vol 66,Vol 1-7,Vol 20,Vol 7,Ep 303,Ep 1067,Ep 26B (51),Ep 347B (583),,,,,
TK,1979-08,The Sticky-Boatdeck,ペタリ甲板,Vol 157,,Vol +6,Vol 19,Ep 1092,,Ep 399A (683),,,,,,
CC,1979-08,,ドラQパーマン,,,,Vol 20,Special (Ep 315C),,,,,,,,"Illustrated by Hideo Shinoda instead of Fujiko F. Fujio, though Fujio is still credited as a co-author."
G1,1979-09,Playing with Typhoons,台風遊び,Vol 166,,,Vol 12,,,,,,,,,
G2,1979-09,"Go, Time, Go!",時間よ動け～っ！！,Vol 77,,Vol 24,Vol 11,Ep 410,,Ep 146B (264),Ep 809B (1385),,,,,
G3,1979-09,The All-Purpose Tent,万能テントですてきなキャンプ,Vol 187,,Vol +7,Vol 10,Ep 359,,Ep 378A (643),,,,,,
G4,1979-09,The Monster Trunk,お化けツヅラ,Vol 148,,Vol +3,Vol 9,Ep 379,,Ep 773B (1330),,,,,,
G5,1979-09,The Samaritan Snaps,ぼくをタスケロン,Vol 65,Vol 2-1,Vol 20,Vol 8,Ep 301,Ep 968,Ep 60B (120),Ep 870A (1465),,,,,
G6,1979-09,Big Boss Noby,いばり屋のび太,Vol 69,,Vol 21,Vol 7,Ep 409,,,,,,,,
TK,1979-09,The Amazing Nobyman,行け！ノビタマン,Vol 18,,Vol 21,Vol 19,Ep 541,Ep 929,Ep 74 (144),Ep 539B (959),,,,,
CC,1979-09,Dorami and Doraemon,ドラえもんとドラミちゃん,Vol 153,,Vol +4,Vol 20,Special (Ep 315B),,Ep 72B (141),,,,,,
G1,1979-10,The Animal Dress-Up Set,動物セット,Vol 166,,,Vol 12,Ep 437,,,,,,,,
G2,1979-10,The World's Strongest Pet,強いペットがほしい,Vol 144,,Vol +1,Vol 11,Ep 361,Ep 1170,Ep 576B (1030),,,,,,
G3,1979-10,Art Assist,みたままベレーで天才画家,Vol 106,Vol 3-6,Vol 34,Vol 10,Ep 306,,Ep 706B (1229),,,,,,
G4,1979-10,The Tax-myna Cometh,税金鳥,Vol 15,Vol 2-4,Vol 22,Vol 9,Ep 313,,Ep 68A (132),,,,,,
G5,1979-10,Comics in a Can,カンヅメカンでまんがを,Vol 80,Vol 1-8,Vol 25,Vol 8,Ep 312,,,,,,,,
G6,1979-10,My Home Mountain,大雪山がやってきた,Vol 12,,Vol 19,Vol 7,Ep 244,Ep 857,Ep 238 (386),Ep 642A (1125),,,,,
TK,1979-10,Happy Tummy Gas,ヘソリンガスでしあわせに,Vol 79,,Vol 25,Vol 19,Ep 467,,,,,,,,
G1,1979-11,The Heart-to-Heart Drops,ココロコロン,Vol 67,Vol 1-7,Vol 20,Vol 12,Ep 385,Ep 984,Ep 9B (17),Ep 861A (1453),,,,,
G2,1979-11,The Task-Trader,すること入れかえ機,Vol 161,,,Vol 11,Ep 532,,,,,,,,
G3,1979-11,The Blue Bird of Happiness,しあわせをよぶ青い鳥,Vol 72,Vol 2-6,Vol 22,Vol 10,Ep 323,Ep 1403,,,,,,,
G4,1979-11,"""Space Demon"" - the Backyard Sci-Fi Spectacle",超大作特撮映画「宇宙大魔神」,Vol 20,,Vol 20,Vol 9,Special (Ep 1110A),,Ep 121A (225),Ep 636A (1113),,,,,
G5,1979-11,The Cockroach Costume,ゴキブリカバー,Vol 150,,Vol +3,Vol 8,Ep 501,,,,,,,,
G6,1979-11,The Multi-Purpose Charm,多目的おまもりは責任感が強い,Vol 68,,Vol 21,Vol 7,Ep 311,,Ep 581A (1035),,,,,,
G1,1979-12,The Slope Switch,さか道レバー,Vol 109,,Vol 35,Vol 12,Ep 446,,,,,,,,
G2,1979-12,The Dream Blaster,ツモリガン,Vol 66,Vol 1-7,Vol 20,Vol 11,Ep 1247,,Ep 672B (1176),,,,,,
G3,1979-12,The Pretendax,オモイコミン,Vol 72,Vol 1-7,Vol 22,Vol 10,Ep 321,,Ep 551B (982),,,,,,
G4,1979-12,The Vampire Kit,ドラキュラセット,Vol 69,Vol 1-7,Vol 21,Vol 9,Ep 363,,Ep 225B (371),Ep 627B (1098),,,,,
G5,1979-12,The Santa Stationery,サンタメール,Vol 70,Vol 2-6,Vol 21,Vol 8,Ep 487–488,Ep 1428,Ep 195 (328),,,,,,
G6,1979-12,The Great Letter-ature Pen,もはん手紙ペン,Vol 73,Vol 1-8,Vol 23,Vol 7,Ep 408,Ep 1780,Ep 645B (1132),,,,,,
TK,1979-12,The Move Mimicker,まねコン,Vol 70,,Vol 21,Vol 19,Ep 472,,Ep 145B (262),,,,,,
G1,1980-01,The Folding House,おりたたみハウス,Vol 77,,Vol 24,Vol 12,Ep 478,,,,,,,,
G2,1980-01,The Parachute Race,ぼうけんパラシュート,Vol 83,,Vol 26,Vol 11,Ep 310,,Ep 611B (1074),,,,,,
G3,1980-01,The Long New Year,長い長いお正月,Vol 75,,Vol 23,Vol 10,Special (Ep 643B),,Ep 197 (331),,,,,,
G4,1980-01,The Snow Filters,雪アダプターいろいろあるよ,Vol 84,,Vol 26,Vol 9,Ep 316,,Ep 284A (462),Ep 550B (980),,,,,
G5,1980-01,The Territory Marker,ナワバリエキス,Vol 76,,Vol 24,Vol 8,Ep 315,,,,,,,,
G6,1980-01,The Shadow Catcher,影とりプロジェクター,Vol 64,,Vol 19,Vol 7,Ep 331,,Ep 467B (824),,,,,,
TK,1980-01,The Blueprint Paper,設計紙で秘密基地を！,Vol 65,,Vol 20,Vol 19,Ep 903,,Ep 389A (666),,,,,,
CC,1980-01,Noby's Dinosaur,のび太の恐竜,Vol L1,,Vol L1,Vol L1,,,,,,Nobita's Dinosaur,Nobita's Dinosaur 2006,,
G1,1980-02,Pathfinder Cards,道すじカード,Vol 165,,,Vol 12,Ep 340,,,,,,,,
G2,1980-02,Noby's Rock-Hound,かわいい石ころの話,Vol 116,Vol 2-2,Vol 37,Vol 11,Ep 1103,,Ep 73B (143),Ep 262B (423),Ep 656B (1149),,,,
G3,1980-02,Handmade Robot Rampage,大あばれ、手作り巨大ロボ,Vol 20,,Vol 23,Vol 10,Ep 547–548,,Ep 152 (272),Ep 802A (1375),,Nobita and the Steel Troops,Nobita and the New Steel Troops,,
G4,1980-02,The All-Seeing Glasses,万能グラス,Vol 153,,Vol +4,Vol 9,Ep 362,Ep 1450,,,,,,,
G5,1980-02,Noby's Underground Empire ,のび太の地底国,Vol 84,,Vol 26,Vol 8,Ep 508–509,,Ep 7 (13),,,Nobita and the Knights on Dinosaurs,,,
G6,1980-02,Little G's Boyfriend… Noby!?,ジャイ子の恋人＝のび太,Vol 71,Vol 3-5,Vol 22,Vol 7,Ep 355,,Ep 21B (41),Ep 531B (944),,,,,
TK,1980-02,A Night on the Galactic Railway,天の川鉄道の夜,Vol 66,Vol 2-6,Vol 20,Vol 19,,,Ep 162 (286),,,Nobita and the Galaxy Super-express,,,
G1,1980-03,The Long-Distance Mom Drops,ママをたずねて三千キロじょう,Vol 69,,Vol 21,Vol 12,Ep 588,,Ep 443B (778),,,,,,
G2,1980-03,The Auto-Puppet Show,自動人形劇,Vol 171,,,Vol 11,Ep 378,,Ep 836A (1418),,,,,,
G3,1980-03,The Sprite Summoner,精霊よびだしうでわ,Vol 70,Vol 1-7,Vol 21,Vol 10,Special (Ep 491B),,Ep 118B (222),Ep 645A (1131),,,,,
G4,1980-03,The Material Converter,材質変換機,Vol 80,Vol 3-3,Vol 25,Vol 9,Ep 371,Ep 1652,Ep 432A (758),,,,,,
G5,1980-03,The Happy Promenade,ハッピープロムナード,Vol 69,Vol 3-1,Vol 21,Vol 8,Ep 366,Ep 1645,Ep 298B (487),Ep 804B (1380),,,,,
G6,1980-03,The Revenge House,チューシン倉でかたきうち,Vol 159,,Vol +6,Vol 7,Ep 368,Ep 1433,,,,,,,
TK,1980-03,Japan Expands,ひろびろ日本,Vol 68,,Vol 21,Vol 19,Ep 606,,Ep 682A (1193),,,,,,
G1,1980-04,Water Striders,あめんぼう,Vol 164,,,Vol 13,Ep 383,,Ep 862B (1455),,,,,,
G2,1980-04,Cloud Chow,きんとフード,Vol 167,,,Vol 12,Ep 496,,Ep 259A (416),Ep 912A (1515),,,,,
G3,1980-04,Snowless Skiing,雪がなくてもスキーはできる,Vol 68,,Vol 21,Vol 11,Ep 372,,Ep 907B (1509),,,,,,
G4,1980-04,Enter the Owlman,フクロマンスーツ,Vol 106,,Vol 34,Vol 10,Ep 380,,Ep 90B (173),Ep 516B (913),,,,,
G5,1980-04,Wild Wild Noby,ガンファイターのび太,Vol 78,,Vol 24,Vol 9,Ep 517–518,Ep 910,Ep 115–116 (217–218),Ep 507 (898),,,,,
G6,1980-04,The Personal Limelight,めだちライトで人気者,Vol 77,Vol 1-8,Vol 24,Vol 8,Ep 1248,,Ep 98B (187),,,,,,
TK,1980-04,The Mecha-Maker,メカ・メーカー,Vol 19,,Vol 22,Vol 19,Ep 610,,Ep 273B (443),,,,,,
G1,1980-01,The Get Started Pistol,すぐやるガン,Vol 104,,Vol 33,Vol 13,Ep 458,,,,,,,,
G2,1980-05,The Rope of Justice,おそるべき正義ロープ,Vol 73,Vol 1-8,Vol 23,Vol 12,Ep 419,Ep 1519,Ep 70A (136),Ep 606A (1069),,,,,
G3,1980-05,We Lost the Time Machine!!,タイムマシンがなくなった！！,Vol 19,,Vol 22,Vol 11,Ep 512–513,Ep 901,Ep 1B (2),Ep 350C (589),,,,,
G4,1980-05,The Secret Dog,ヒミツゲンシュ犬,Vol 142,,Vol +1,Vol 10,Ep 713,,Ep 749A (1296),,,,,,
G5,1980-05,Heart Chocolates,ココロチョコ,Vol 142,,Vol +1,Vol 9,Ep 426,,Ep 472A (833),,,,,,
G6,1980-05,The Hotel Fixer-Uppers,オンボロ旅館をたて直せ,Vol 100,,Vol 32,Vol 8,Ep 475,Ep 896,Ep 426C (747),,,,,,
TK,1980-05,The Devil Card,デビルカード,Vol 15,Vol 1-7,Vol 22,Vol 19,Ep 573,,Ep 65B (127),Ep 706A (1228),,,,,
G1,1980-06,The Robot Suit,ロボット服,Vol 165,,,Vol 13,Ep 470,,,,,,,,
G2,1980-06,The Holy Hanky,ぼくのまもり紙,Vol 75,,Vol 23,Vol 12,Ep 460,Ep 1070,Ep 447B (786),,,,,,
G3,1980-06,"Happy Birthday, Big G!",ハッピーバースデイ・ジャイアン,Vol 73,Vol 2-4,Vol 23,Vol 11,Ep 485,,Ep 175–176,Ep 406C (703),,,,,
G4,1980-06,1 Punch = 100 Yen,ポカリ＝百円,Vol 88,,Vol 28,Vol 10,Ep 443,Ep 1648,,,,,,,
G5,1980-06,Treasure Planet,宝星,Vol 138,,Vol 44,Vol 9,Ep 1466,,Ep 24B (47),Ep 698 (1218),,,,,
G6,1980-06,Animation Made Easy,アニメ制作なんてわけないよ,Vol 77,,Vol 24,Vol 8,Ep 434,,Ep 84A (160),,,,,,
TK,1980-06,20th Century Shogun,二十世紀のおとのさま,Vol 76,,Vol 24,Vol 19,Ep 477,Ep 879,Ep 106B (200),Ep 501B (887),,,,,
G1,1980-07,The Puddle Spray,どんぶらガス,Vol 82,,Vol 26,Vol 13,Ep 572,,Ep 783A (1346),,,,,,
G2,1980-07,The Dividing Hammer,分身ハンマー,Vol 85,,Vol 27,Vol 12,Ep 520,,Ep 340B (570),,,,,,
G3,1980-07,Sneech the Psychic,エスパースネ夫,Vol 97,,Vol 31,Vol 11,Ep 481,,Ep 46A (90),Ep 590B (1050),,,,,
G4,1980-07,The Calamity-Caster,災難予報機,Vol 152,,Vol +4,Vol 10,Ep 564,,,,,,,,
G5,1980-07,The Liar Matcher,どっちがウソか！アワセール,Vol 119,,Vol 38,Vol 9,Ep 431,,Ep 58B (116),Ep 713B (1242),,,,,
G6,1980-07,Attraction Reaction,みせかけモテモテバッジで大さわぎ,Vol 148,,Vol +3,Vol 8,Ep 468,,Ep 438B (768),,,,,,
TK,1980-07,The Indoor Aquarium,おざしき水族館,Vol 74,Vol 1-8,Vol 23,Vol 19,Ep 474,,Ep 405A (698),Ep 663B (1161),,,,,
G1,1980-08,A 3D Experience,実体げんとう機,Vol 164,,,Vol 13,Ep 502,,,,,,,,
G2,1980-08,The Roller Patroller,パトローラー,Vol 171,,,Vol 12,Ep 609,,,,,,,,
G3,1980-08,The Cheerleader Gloves,勝利をよぶチアガール手ぶくろ,Vol 74,,Vol 23,Vol 11,Ep 503,,Ep 159B (283),Ep 722D (1257),,,,,
G3,1980-08,,道路光線,,,,Vol 11,,,,,,,,,"Bonus comic drawn as a contest prize. Later expanded into ""歩け歩け月までも"" (""Walking to the Moon"")."
G3,1980-08,,さよならハンカチ,,,,Vol 11,,,Ep 2 (Short),,,,,,Bonus comic drawn as a contest prize.
G3,1980-08,,シューズセット,,,,Vol 11,,,Ep 11 (Short),,,,,,Bonus comic drawn as a contest prize.
G4,1980-08,8 Days at the Dragon King's Palace ,竜宮城の八日間,Vol 81,,Vol 25,Vol 10,Ep 827,,Ep 32C (64),Ep 372C (633),,,,,
G5,1980-08,The Future Camera,ユクスエカメラ,Vol 103,,Vol 33,Vol 9,Ep 507,,Ep 628B (1100),,,,,,
G6,1980-08,Worse Than Me,ぼくよりダメなやつがきた,Vol 18,Vol 1-8,Vol 23,Vol 8,Ep 499,,Ep 134A (244),Ep 404B (697),,,,,
TK,1980-08,The Good Luck Drops,アヤカリン,Vol 67,,Vol 20,Vol 19,Ep 505,,Ep 484B (855),,,,,,
G1,1980-09,The Ocean Controller,海水コントローラー,Vol 161,,,Vol 13,Ep 985,,,,,,,,
G2,1980-09,The Gamechanger Camera,カチカチカメラ,Vol 71,,Vol 22,Vol 12,Ep 540,,Ep 746B (1295),,,,,,
G3,1980-09,South Seas Adventure,南海の大冒険,Vol 139,,Vol 45,Vol 11,Ep 1141,,Ep 410C (715),,,Nobita's Great Adventure in the South Seas,,,
G4,1980-09,The Mess of Monsters,つめあわせオバケ,Vol 97,,Vol 31,Vol 10,Ep 1363,,Ep 58A (115),Ep 668A (1168),,,,,
G5,1980-09,The Equalizer,ビョードーばくだん,Vol 82,Vol 1-9,Vol 26,Vol 9,Ep 519,,Ep 60A (119),,,,,,
G6,1980-09,The See-Through Stickers,透視シールで大ピンチ,Vol 74,,Vol 23,Vol 8,Ep 515,Ep 1774,Ep 49A (96),Ep 793B (1363),,,,,
TK,1980-09,The Water Sculpture Sprinkles,水加工用ふりかけ,Vol 74,,Vol 23,Vol 19,Ep 672,,Ep 59B (118),,,,,,
CC,1980-09,Noby the Spaceblazer,のび太の宇宙開拓史,Vol L2,,Vol L2,Vol L1,,,,,,"The Records of Nobita, Spaceblazer",The New Record of Nobita's Spaceblazer,,
G1,1980-10,Never-Lose Labels,持ちぬしシール,Vol 166,,,Vol 13,Ep 535,,,,,,,,
G2,1980-10,Bang-Paper,かんしゃく紙,Vol 156,,Vol +5,Vol 12,Ep 528,,,,,,,,
G3,1980-10,The Sleep War,出木杉グッスリ作戦,Vol 16,Vol 2-4,Vol 22,Vol 11,Ep 578,,Ep 23B (45),,,,,,
G4,1980-10,The Hot Spring Rope,温泉ロープでいい湯だな,Vol 72,,Vol 22,Vol 10,Ep 526,,Ep 321B (534),,,,,,
G5,1980-10,The Grown-Up Scolding Pass,大人をしかる腕章,Vol 103,,Vol 33,Vol 9,Ep 531,Ep 1488,Ep 622A (1087),,,,,,
G6,1980-10,"A Home for ""Ruff""",のら犬「イチ」の国,Vol 72,Vol 2-1,Vol 22,Vol 8,Ep 529–530,Special (Ep 897A),Ep 228–229 (375–376),,,Nobita in the Wan-Nyan Spacetime Odyssey,,,
TK,1980-10,The Friendcense,なかまいりせんこう,Vol 80,,Vol 25,Vol 19,Ep 584,,Ep 445B (782),,,,,,
G1,1980-11,The Reversi-Mirror,とりかえミラー,Vol 167,,,Vol 13,Ep 568,,,,,,,,
G2,1980-11,The Completer Beam,かんせいウェーブ,Vol 188,,,Vol 12,Ep 557,,,,,,,,
G3,1980-11,The Charter Phone,かしきり電話,Vol 133,,Vol 43,Vol 11,Ep 537,,Ep 782B (1345),,,,,,
G4,1980-11,The Fringe Theory Club Badges,異説クラブメンバーズバッジ,Vol 75,,Vol 23,Vol 10,Ep 621,,Ep 166–167 (290–291),,,Nobita's Chronicle of the Moon Exploration,,,
G5,1980-11,The Obedient Robot,すなおなロボットがほし～い！,Vol 186,,,Vol 9,Ep 555,,,,,,,,
G6,1980-11,"Goodbye, Shizuka",しずちゃんさようなら,Vol 102,Vol 2-3,Vol 32,Vol 8,Ep 576,Ep 881,Ep 13B (26),Ep 282B (459),,Stand by Me Doraemon,,,
TK,1980-11,The People Player,本人ビデオ,Vol 73,Vol 1-8,Vol 23,Vol 19,Ep 611,Ep 1778,Ep 127B (234),Ep 565A (1007),,,,,
G1,1980-12,The Mall Mallet,うちでのデパート,Vol 73,,Vol 23,Vol 13,Ep 593,,Ep 737A (1281),,,,,,
G2,1980-12,Noby's Helicopter,のび太のヘリコプター,Vol 76,,Vol 24,Vol 12,Ep 580,,Ep 783B (1347),,,,,,
G3,1980-12,The Wakey Waker,オキテテヨカッタ,Vol 75,Vol 3-4,Vol 23,Vol 11,Ep 543,,,,,,,,
G4,1980-12,The Long-Distance Mirror,うつしっぱなしミラー,Vol 72,Vol 2-1,Vol 22,Vol 10,Ep 546,Ep 1647,Ep 711B (1238),,,,,,
G5,1980-12,Noby's Rescue Party,のび太救出決死探検隊,Vol 71,Vol 1-7,Vol 22,Vol 9,Ep 625,,Ep 87 (167),,,,,,
G6,1980-12,Addicted to Big G,ジャイアンリサイタルを楽しむ方法,Vol 78,Vol 1-8,Vol 24,Vol 8,Ep 536,,Ep 424A (741),,,,,,
TK,1980-12,Little G the Comic Artist,まんが家ジャイ子,Vol 77,Vol 1-8,Vol 24,Vol 19,Ep 538,,Ep 8B (15),Ep 695B (1214),,,,,
G1,1981-01,R/C TV,ラジコンテレビ,Vol 166,,,Vol 13,Ep 663,,,,,,,,
G2,1981-01,The Remote Control Double-oon,あやつりそっくりふうせん,Vol 149,,Vol +3,Vol 12,Ep 556,Ep 953,,,,,,,
G3,1981-01,Sokay Stick,まあまあ棒,Vol 16,Vol 2-2,Vol 23,Vol 11,Ep 585,Ep 933,Ep 11B (21),Ep 734B (1276),,,,,
G4,1981-01,The Moneyball,オトシ玉,Vol 187,,,Vol 10,Special (Ep 643C),,,,,,,,
G5,1981-01,The Quakefish,地震なまず,Vol 82,,Vol 26,Vol 9,Ep 559,,,,,,,,
G6,1981-01,The Flag of Truth,「真実の旗印」はつねに正しい,Vol 82,,Vol 26,Vol 8,Ep 582,Ep 1777,Ep 370B (628),,,,,,
TK,1981-01,The Living Forest,森は生きている,Vol 83,Vol 1-9,Vol 26,Vol 19,Ep 562,Ep 1123,Ep 120 (224),Ep 493B (872),,,,,
G1,1981-02,The Snow Cloudrider,雪ぐもベース,Vol 167,,,Vol 13,Ep 692,,Ep 897A (1495),,,,,,
G2,1981-02,Snow Costumes,雪だるまのぬいぐるみを作ろう！,Vol 189,,,Vol 12,,,,,,,,,
G3,1981-02,"Hush, Little Big G",ジャイアンよい子だねんねしな,Vol 87,,Vol 27,Vol 11,,,,,,,,,
G4,1981-02,The Fate-flipping Horse,サイオー馬,Vol 136,,Vol 44,Vol 10,Ep 603,,Ep 421B (736),,,,,,
G5,1981-02,Black Hole Noby,のび太のブラックホール,Vol 84,,Vol 26,Vol 9,Ep 558,,Ep 84B (161),Ep 607A (1070),,,,,
G6,1981-02,Erasing Noby,のび太が消えちゃう？,Vol 135,Vol 2-3,Vol 43,Vol 8,Ep 554,Ep 1683,Ep 52B (103),Ep 850B (1438),,,,,
TK,1981-02,The Sinker Balls,しずめ玉でスッキリ,Vol 77,,Vol 24,Vol 19,Ep 615,,Ep 417A (727),,,,,,
G1,1981-03,The Gift-Kerchief,おみやげフロシキ,Vol 115,,Vol 37,Vol 13,Ep 662,Ep 977,Ep 333A (554),,,,,,
G2,1981-03,The Gourmet Tablecloth,グルメテーブルかけ,Vol 142,Vol 3-4,Vol +1,Vol 12,Ep 602,Ep 1773,Ep 107A (201),,,,,,
G3,1981-03,The No-Zone Signs,キンシひょうしき,Vol 86,,Vol 27,Vol 11,Ep 571,,Ep 447A (785),,,,,,
G4,1981-03,Endangered Species Noby,のび太は世界にただ一匹,Vol 86,,Vol 27,Vol 10,Ep 560,,Ep 184 (313),Ep 521A (923),,,,,
G5,1981-03,The Human Camera,人間カメラはそれなりに写る,Vol 186,,,Vol 9,Ep 565,,,,,,,,
G6,1981-03,Noby's Kingdom,のび太王国誕生,Vol 184,,,Vol 8,Ep 575,,,,,,,,
TK,1981-03,A World without Mirrors,かがみのない世界,Vol 87,Vol 3-6,Vol 27,Vol 19,Ep 574,,Ep 83 (159),Ep 503A (890),,,,,
G1,1981-04,The Mynah-Mic,九かんマイク,Vol 190,,,Vol 14,Ep 661,,,,,,,,
G2,1981-04,The Body-Double Guard,そっくりかかし,Vol 189,,,Vol 13,Ep 651,,,,,,,,
G3,1981-04,Doraemon's Rough Patch,ションボリ、ドラえもん,Vol 78,Vol 2-1,Vol 24,Vol 12,Ep 618,,Ep 62 (123),,,,,,
G3,1981-04,Home Away from Noby,のび太のなが～い家出,Vol 79,Vol 1-8,Vol 25,Vol 12,Ep 594,,Ep 25B (49),Ep 513B (910),,,,,
G4,1981-04,The Aptitude Armband,職業テスト腕章,Vol 86,Vol 3-3,Vol 27,Vol 11,Ep 569,Ep 1654,Ep 303B (497),,,,,,
G5,1981-04,Walking to the Moon,歩け歩け月までも,Vol 84,Vol 1-9,Vol 26,Vol 10,Ep 589,,Ep 359B (606),Ep 883B (1480),,,,,
G6,1981-04,The Second Girlfriend,虹谷ユメ子さん,Vol 76,Vol 2-3,Vol 24,Vol 9,Ep 566,,Ep 474B (838),,,,,,
TK,1981-04,The Moneypencil,円ピツで大金持ち,Vol 79,Vol 3-1,Vol 25,Vol 19,Ep 570,,Ep 506B (897),,,,,,
G1,1981-05,The Picture-Portal Projector,写真入りこみスコープ,Vol 162,,,Vol 14,Ep 583,,Ep 624B (1092),,,,,,
G2,1981-05,A Clock is Hatched,時計はタマゴからかえる,Vol 118,Vol 2-6,Vol 38,Vol 13,Ep 581,,,,,,,,
G3,1981-05,The Noby Poster,ポスターになったのび太,Vol 103,,Vol 33,Vol 12,Ep 577,,Ep 684B (1195),,,,,,
G4,1981-05,The Real-Time Maproscope,ポラマップスコープとポラマップ地図,Vol 86,,Vol 27,Vol 11,Ep 579,Special (Ep 970A),Ep 600A (1063),,,,,,
G5,1981-05,An Ants' Life ,羽アリのゆくえ,Vol 80,,Vol 25,Vol 10,Ep 1233,,Ep 483 (853),,,,,,
G6,1981-05,"Noby Gets an ""A""!",な、なんと！！のび太が百点とった！！,Vol 80,Vol 1-8,Vol 25,Vol 9,Ep 586,,Ep 65A (126),Ep 365A (617),,,,,
TK,1981-05,The Peace Antenna,平和アンテナ,Vol 80,Vol 3-4,Vol 25,Vol 19,Ep 590,,Ep 549B (978),,,,,,
G1,1981-06,Air Crayons,空気クレヨン,Vol 166,,,Vol 14,Ep 653,,,,,,,,
G2,1981-06,The Heavy-Light,おもかるとう,Vol 83,,Vol 26,Vol 13,Ep 599,,Ep 708B (1232),,,,,,
G3,1981-06,Noby's Space Shuttle,のび太のスペースシャトル,Vol 79,,Vol 25,Vol 12,Ep 629,,Ep 117B (220),Ep 511B (906),,,,,
G4,1981-06,The Fire Prevention Alarm,火災予定報知ベル,Vol 76,,Vol 24,Vol 11,Ep 597,,,,,,,,
G5,1981-06,Shape Your Body,からだねん土でスマートになろう！,Vol 187,,,Vol 10,Ep 592,,Ep 382A (651),Ep 700A (1221),,,,,
G6,1981-06,Home is Where the Tree is,やどり木で楽しく家出,Vol 98,,Vol 31,Vol 9,Ep 617,,Ep 647A (1134),,,,,,
TK,1981-06,The Six-Sided Camera,六面カメラ,Vol 78,,Vol 24,Vol 19,Ep 612,,,,,,,,
G1,1981-07,The Friend-Caller,おとりケース,Vol 166,,,Vol 14,Ep 1043,,,,,,,,
G2,1981-07,Air Hooks,空中フック,Vol 189,,,Vol 13,Ep 608,,,,,,,,
G3,1981-07,The Time Valve,時門で長～～い一日,Vol 97,Vol 1-10,Vol 31,Vol 12,Ep 604,,,,,,,,
G4,1981-07,Tomorrow's News Today,あしたの新聞,Vol 81,,Vol 25,Vol 11,Ep 626,,Ep 780A (1341),,,,,,
G5,1981-07,Noby Gets Rich,大富豪のび太,Vol 101,,Vol 32,Vol 10,Ep 616,,Ep 202B (339),Ep 726B (1262),,,,,
G6,1981-07,The Good Old Days,昔はよかった,Vol 96,Vol 2-1,Vol 30,Vol 9,Ep 627,,Ep 24A (46),,,,,,
TK,1981-07,Big G's Big Romance,グンニャリジャイアン,Vol 92,Vol 2-3,Vol 29,Vol 19,Ep 613,,Ep 48B (95),Ep 729B (1268),,,,,
G1,1981-08,Plant Walker Liquid,植物あるかせ液,Vol 166,,,Vol 14,Ep 913,,Ep 871A (1466),,,,,,
G2,1981-08,Noby-rella,のび太シンデレラ,Vol 101,Vol 2-6,Vol 32,Vol 13,Ep 633,,Ep 596B (1058),,,,,,
G3,1981-08,The Bug Riders,コンチュウ飛行機にのろう,Vol 85,Vol 1-9,Vol 27,Vol 12,Ep 619,,Ep 177 (304),,,,,,
G3,1981-08,,人間そっくりたまご,,,,Vol 12,,,,,,,,,Bonus comic drawn as a contest prize.
G4,1981-08,The Body Battery,力をためる力電池,Vol 188,,,Vol 11,Ep 795,,,,,,,,
G5,1981-08,"Welcome, Dinosaurs!",恐竜さん日本へどうぞ,Vol 97,,Vol 31,Vol 10,Ep 620,,Ep 39C (79),,,,,,
G6,1981-08,The Night Before Noby's Wedding,のび太の結婚前夜,Vol 81,Vol 1-8,Vol 25,Vol 9,Ep 623,,Ep 245 (395),,,Stand by Me Doraemon,,Nobita's the Night Before a Wedding,
TK,1981-08,Shizuka the Friendly Witch,魔女っ子しずちゃん,Vol 83,Vol 2-4,Vol 26,Vol 19,Ep 624,Ep 1785,Ep 89A (170),Ep 498B (881),,,,,
G1,1981-09,Slide Spray,スベールガス,Vol 166,,,Vol 14,Ep 982,,,,,,,,
G2,1981-09,The Anything Airport,なんでも空港,Vol 101,,Vol 32,Vol 13,Ep 1015,,Ep 372B (632),,,,,,
G3,1981-09,The Shellfish Submarine,アワビとり潜水艦出航,Vol 82,,Vol 26,Vol 12,Ep 676,,Ep 303A (496),Ep 763A (1317),,,,,
G4,1981-09,Monster Island,無人島の大怪物,Vol 129,,Vol 41,Vol 11,Ep 1041,,Ep 41 (81),,,,,,
G5,1981-09,The Monster Bunnies,うら山のウサギ怪獣,Vol 92,Vol 1-10,Vol 29,Vol 10,Ep 686,,Ep 415B (724),,,,,,
G6,1981-09,The Hermit Bot,神さまロボットに愛の手を！,Vol 90,Vol 1-9,Vol 28,Vol 9,Ep 628,,Ep 67B (131),Ep 506A (896),,,,,
TK,1981-09,A Ropey Friend,細く長い友だち,Vol 85,Vol 1-9,Vol 27,Vol 19,Ep 642,,Ep 208B (346),Ep 671A (1173),,,,,
CC,1981-09,Noby's Uncharted World,のび太の大魔境,Vol L3,,Vol L3,Vol L1,,,,,,Nobita and the Haunts of Evil,New Nobita's Great Demon,,
G1,1981-10,The Georeplicator,箱庭フレーム,Vol 162,,,Vol 14,Ep 1310,,,,,,,,
G2,1981-10,The E-Z Collect-o-Box,標本採集箱,Vol 158,,Vol +6,Vol 13,Ep 1034,,,,,,,,
G3,1981-10,The Invention Inventor,ハツメイカーで大発明,Vol 96,,Vol 30,Vol 12,Special (Ep 643A),,Ep 62 (123),Ep 502A (888),,,,,
G4,1981-10,The Spare 4D Pocket,四次元ポケットにスペアがあったのだ,Vol 79,,Vol 25,Vol 11,Ep 773,,Ep 258B (415),Ep 713A (1241),,,,,
G5,1981-10,The Routine Rerouter,あの道この道楽な道,Vol 103,,Vol 33,Vol 10,Ep 631,,Ep 295A (480),,,,,,
G6,1981-10,Noby the Trainer,のび太の調教師,Vol 85,,Vol 27,Vol 9,Ep 1133,,,,,,,,
TK,1981-10,The Smooth-Talking Ventrilo-Bot,腹話ロボット,Vol 102,,Vol 32,Vol 19,Ep 632,,,,,,,,
G1,1981-11,Rest for the Wicked,じゃま者をねむらせろ,Vol 118,,Vol 38,Vol 14,Ep 959,,Ep 824B (1402),,,,,,
G2,1981-11,Animation Spray,アニメスプレー,Vol 189,,Vol +7,Vol 13,Ep 1470,,,,,,,,
G3,1981-11,What the Water Saw,水は見ていた,Vol 83,,Vol 26,Vol 12,Ep 649,,Ep 402C (691),,,,,,
G4,1981-11,The Automatic Theater,なぜか劇がメチャクチャに,Vol 89,Vol 2-2,Vol 28,Vol 11,Ep 643,,,,,,,,
G5,1981-11,The Time Capsule,タイムカプセル,Vol 84,Vol 1-9,Vol 26,Vol 10,Ep 937,,Ep 366B (620),,,,,,
G6,1981-11,The Noby Swallow,ツバメののび太,Vol 93,,Vol 29,Vol 9,Ep 639,,Ep 575B (1028),,,,,,
TK,1981-11,The TV Grabber,テレビとりもち,Vol 82,,Vol 26,Vol 19,Ep 1255,,Ep 638B (1118),,,,,,
G1,1981-12,The Nagging Rod,こごとひらいしん,Vol 166,,,Vol 14,Ep 659,,,,,,,,
G2,1981-12,Pants of the Jungle,ターザンパンツ,Vol 98,Vol 1-10,Vol 31,Vol 13,Ep 961,,Ep 470A (829),,,,,,
G3,1981-12,Air around the World,空気中継衛星,Vol 83,Vol 1-9,Vol 26,Vol 12,Ep 646,,,,,,,,
G4,1981-12,The Photo-Holo Projector,さかさカメラ,Vol 188,,,Vol 11,Ep 648,,,,,,,,
G5,1981-12,The Thread that Binds,むすびの糸,Vol 98,Vol 1-10,Vol 31,Vol 10,Ep 647,,Ep 71B (139),Ep 730B (1270),,,,,
G6,1981-12,Opposite Dreamers,サカユメンでいい夢みよう,Vol 112,,Vol 36,Vol 9,Ep 668,,,,,,,,
TK,1981-12,Riding a Unicorn,ユニコーンにのった,Vol 82,Vol 1-9,Vol 26,Vol 19,Ep 645,Ep 1559,Ep 161 (285),,,,,,
G1,1982-01,Chasing Thumbelina,おやゆび姫をおいかけろ,Vol 161,,,Vol 14,Ep 664,,,,,,,,
G2,1982-01,Smackdown Spray,自動ぶんなぐりガス,Vol 167,,,Vol 13,Ep 1029,,,,,,,,
G3,1982-01,Whatever-phobia,○□恐怖症,Vol 87,Vol 1-9,Vol 27,Vol 12,Ep 688,,Ep 353B (596),,,,,,
G4,1982-01,The Winning Postcard,だせば当たる！！けん賞用ハガキ,Vol 105,,Vol 33,Vol 11,Ep 654,,Ep 839B (1422),,,,,,
G5,1982-01,"Big Fish, Little Pond",水たまりのピラルク,Vol 108,,Vol 34,Vol 10,Ep 665,,Ep 261B (421),,,,,,
G6,1982-01,The Dramaticam,「チャンスカメラ」で特ダネ写真を…,Vol 151,Vol 3-3,Vol +4,Vol 9,Ep 660,,Ep 770A (1326),,,,,,
TK,1982-01,The Dry Light Empire,地底のドライ・ライト,Vol 103,,Vol 33,Vol 19,Ep 655,,Ep 426A (745),,,,,,
G1,1982-02,Little Monster's Hat,怪物くんぼうし,Vol 190,,,Vol 14,Ep 658,,,,,,,,
G2,1982-02,Prop-board,実物ベニヤ,Vol 189,,,Vol 13,Ep 670,,,,,,,,
G3,1982-02,The Time Copier,タイムコピー,Vol 134,,Vol 43,Vol 12,Ep 667,,,,,,,,
G4,1982-02,The Lost-and-Found Fishing Pond,落とし物つりぼり,Vol 100,,Vol 32,Vol 11,Ep 657,,Ep 250A (402),Ep 576A (1029),,,,,
G5,1982-02,The Time-Delayed Psychic,10分おくれのエスパー,Vol 87,,Vol 27,Vol 10,Ep 666,,Ep 305B (501),Ep 848A (1434),,,,,
G6,1982-02,The Copybrain,コピー頭脳でラクしよう,Vol 133,,Vol 43,Vol 9,Ep 656,,Ep 357B (604),,,,,,
TK,1982-02,The Flat Iron,ペタンコアイロン,Vol 93,,Vol 29,Vol 19,Ep 674,,Ep 204A (341),,,,,,
G1,1982-03,The Featherweight Plane,フェザープレーン,Vol 101,,Vol 32,Vol 14,Ep 679,,,,,,,,
G2,1982-03,Substitute Stickers,代用シール,Vol 142,,Vol +1,Vol 13,Ep 669,,Ep 239B (388),Ep 546B (973),,,,,
G3,1982-03,The 4D Expansion Blocks,四次元たてましブロック,Vol 85,Vol 1-9,Vol 27,Vol 12,Ep 675,,Ep 71A (138),Ep 725A (1260),,,,,
G4,1982-03,The Associative Deduction Magnifying Glass,連想式推理虫メガネ,Vol 102,,Vol 32,Vol 11,Ep 1252,,Ep 129B (237),Ep 651A (1140),,,,,
G5,1982-03,The Dream Ladder,夢はしご,Vol 89,Vol 1-9,Vol 28,Vol 10,Ep 671,,Ep 440B (772),,,,,,
G6,1982-03,The Lucky Cards,しあわせトランプの恐怖,Vol 87,,Vol 27,Vol 9,Ep 673,,Ep 311B (512),Ep 545A (970),,,,,
TK,1982-03,Emotion Elixir,カンゲキドリンク,Vol 159,Vol 3-3,Vol +6,Vol 19,Ep 677,,Ep 805A (1381),,,,,,
G1,1982-04,The Pickup Rod,かるがるつりざお,Vol 119,,Vol 38,Vol 15,Ep 1253,,Ep 756B (1308),,,,,,
G2,1982-04,Shoe Riders,乗りものぐつでドライブ,Vol 121,,Vol 39,Vol 14,Ep 954,,Ep 420A (733),,,,,,
G3,1982-04,The Human Book Cover,人間ブックカバー,Vol 86,,Vol 27,Vol 13,Ep 700,,Ep 49B (97),,,,,,
G4,1982-04,The Reunion Briefcase,ひさしぶりトランク,Vol 95,Vol 1-10,Vol 30,Vol 12,Ep 678,,Ep 428B (751),,,,,,
G5,1982-04,Discovering a New Species,新種図鑑で有名になろう,Vol 88,,Vol 28,Vol 11,Ep 684,,,,,,,,
G6,1982-04,Doraemon in Love,恋するドラえもん,Vol 85,Vol 1-9,Vol 27,Vol 10,Ep 683,,Ep 182 (310),Ep 880A (1476),,,,,
TK,1982-04,The King of Sleep,ねむりの天才のび太,Vol 94,,Vol 30,Vol 19,Ep 691,,Ep 77A (149),,,,,,
G1,1982-05,Into the Mirror,出入りかがみ,Vol 163,,,Vol 15,Ep 1126,,,,,,,,
G2,1982-05,The Cloud Oven,雲やきなべ,Vol 171,,,Vol 14,,,,,,,,,
G3,1982-05,The Machine Copy Machine,機械化機,Vol 91,Vol 1-10,Vol 29,Vol 13,Ep 682,,Ep 272A (440),Ep 543A (966),,,,,
G4,1982-05,The Name-Changer,いれかえ表札,Vol 88,,Vol 28,Vol 12,Ep 680,,Ep 796A (1367),,,,,,
G5,1982-05,The Real Life Video Game,本物電子ゲーム,Vol 86,,Vol 27,Vol 11,Ep 1315,,Ep 129A (236),,,,,,
G6,1982-05,The Great Model Escape,プラモが大脱走,Vol 91,,Vol 29,Vol 10,Ep 1474,,,,,,,,
TK,1982-05,The Next Chapter,まんがのつづき,Vol 99,,Vol 31,Vol 19,Ep 681,,,,,,,,
G1,1982-06,Tank Pants,戦車ズボン,Vol 160,,,Vol 15,Ep 1607,,,,,,,,
G2,1982-06,The Magic-Pedia,魔法事典,Vol 115,,Vol 37,Vol 14,Ep 694,,Ep 112B (212),Ep 538A (956),,,,,
G3,1982-06,The Boy in the Mirror,鏡の中の世界,Vol 104,,Vol 33,Vol 13,Ep 698,,Ep 240B (390),,,,,,
G4,1982-06,The Ninja Training Kit,ニンニン修業セット,Vol 89,,Vol 28,Vol 12,Ep 685,,Ep 269B (435),Ep 495B (875),,,,,
G5,1982-06,The Master Board,家元かんばん,Vol 89,,Vol 28,Vol 11,Ep 719,,Ep 386B (660),,,,,,
G6,1982-06,The Horizon Tape,地平線テープ,Vol 88,,Vol 28,Vol 10,Ep 687,,Ep 95A (181),Ep 521B (924),,,,,
TK,1982-06,Tsubasa's Big Visit,翼ちゃんがうちへきた,Vol 93,,Vol 29,Vol 19,Ep 689,,Ep 786B (1352),,,,,,
G1,1982-07,The Total Safety Umbrella,ぜったい安全がさ,Vol 162,,,Vol 15,Ep 1006,,,,,,,,
G2,1982-07,The Correcto-Perfecto,完全しゅうせいき,Vol 167,,,Vol 14,Ep 952,,Ep 735 (Short),,,,,,
G3,1982-07,The Liqi-Vape Drops,サンタイン,Vol 104,,Vol 33,Vol 13,Ep 772,,Ep 61A (121),Ep 570B (1019),,,,,
G4,1982-07,The Life-Size Model Island,百丈島の原寸大プラモ,Vol 90,,Vol 28,Vol 12,Ep 1282,,Ep 413B (721),,,,,,
G5,1982-07,The Cuckoo Egg,カッコータマゴ,Vol 85,,Vol 27,Vol 11,Ep 690,,Ep 464B (818),,,,,,
G6,1982-07,Playing God,神さまごっこ,Vol 113,,Vol 36,Vol 10,Ep 693,,Ep 377B (642),,,,,,
TK,1982-07,Instant Robots,インスタントロボット,Vol 91,,Vol 29,Vol 19,Ep 699,,Ep 144A (259),Ep 523B (928),,,,,
G1,1982-08,Maglev Chalk,リニアモーターチョーク,Vol 160,,,Vol 15,Ep 1633,,,,,,,,
G2,1982-08,The Carrier Plane,でんしょひこうき,Vol 152,,Vol +4,Vol 14,Ep 731,,,,,,,,
G3,1982-08,Space Swimming,広～い宇宙で海水浴,Vol 92,,Vol 29,Vol 13,Ep 1361,,Ep 772A (1328),,,,,,
G4,1982-08,Alphabet Jets,「ワ」の字で空をいく,Vol 200,,Vol 34,Vol 12,Ep 697,,Ep 225A (370),,,,,,
G5,1982-08,Real Ghosts!,しかしユーレイはでた！,Vol 117,,Vol 37,Vol 11,Ep 828,,Ep 136 (248),,,,,,
G6,1982-08,First Time Fun,思いだせ！あの日の感動,Vol 92,Vol 1-10,Vol 29,Vol 10,Ep 695,,Ep 1C (3),Ep 387C (663),,,,,
TK,1982-08,The Insta-Freeze Camera,あいつを固めちゃえ,Vol 92,,Vol 29,Vol 19,Ep 696,,Ep 285B (465),Ep 768B (1324),,,,,
CC,1982-08,Noby in Devilfish Castle,のび太の海底鬼岩城,Vol L4,,Vol L4,Vol L2,,,,,,Nobita and the Castle of the Undersea Devil,,,
G1,1982-09,Clone Juice,クローンリキッドごくう,Vol 117,,Vol 37,Vol 15,Ep 917,,Ep 384A (655),,,,,,
G2,1982-09,Sneech's Missing Butt,スネ夫のおしりがゆくえ不明,Vol 101,,Vol 32,Vol 14,,,,,,,,,
G3,1982-09,Sneech's Secret,大ピンチ！スネ夫の答案,Vol 89,,Vol 28,Vol 13,Ep 701,,Ep 78B (152),Ep 510B (904),,,,,
G4,1982-09,Everything in Its Place,横取りジャイアンをこらしめよう,Vol 104,,Vol 33,Vol 12,Ep 702,,Ep 396A (676),,,,,,
G5,1982-09,The Desire Detector,ほしい人探知機,Vol 102,,Vol 32,Vol 11,Ep 716,,Ep 456B (802),,,,,,
G6,1982-09,Noby Airlines,のび太航空,Vol 89,Vol 1-9,Vol 28,Vol 10,Special (Ep 692B),,Ep 377A (641),,,,,,
TK,1982-09,The Merchandise Maker,キャラクター商品注文機,Vol 90,,Vol 28,Vol 19,Ep 720,,Ep 604A (1067),,,,,,
G1,1982-10,A Clockwork Hurricane,ねじ式台風,Vol 123,,Vol 39,Vol 15,Ep 1312,,Ep 841A (1424),,,,,,
G2,1982-10,The Pog Printer & Pogwash,メンコプリンター無敵メンコレータム,Vol 190,,,Vol 14,Ep 706,,,,,,,,
G3,1982-10,The Stone Age Hotel,石器時代のホテル,Vol 120,,Vol 38,Vol 13,Special (Ep 692A),,Ep 138 (251),,,Nobita and the Birth of Japan,Nobita and the Birth of Japan 2016,,
G4,1982-10,Pencil Missiles and Countermeasure Radar,ペンシル・ミサイルと自動しかえしレーダー,Vol 156,,Vol +5,Vol 12,Ep 717,,Ep 314B (518),,,,,,
G5,1982-10,The Personal Fuse,いやになったらヒューズをとばせ,Vol 105,,Vol 33,Vol 11,Ep 712,,,,,,,,
G6,1982-10,Shizuka's Secret,しずちゃんの心の秘密,Vol 88,Vol 2-4,Vol 28,Vol 10,Ep 703,,Ep 89B (171),Ep 760B (1314),,,,,
TK,1982-10,The Transformade,変身・変身・また変身,Vol 108,,Vol 34,Vol 19,Ep 718,,Ep 223A (367),,,,,,
G1,1982-11,Copy-Doodle-Doo,レプリコッコ,Vol 109,,Vol 35,Vol 15,Ep 914,,Ep 571B (1021),,,,,,
G2,1982-11,Space Explorers,宇宙探検ごっこ,Vol 91,Vol 1-10,Vol 29,Vol 14,Ep 705,,Ep 784A (1348),,,,,,
G3,1982-11,The Pearl Maker Shell,しんじゅ製造アコヤケース,Vol 90,,Vol 28,Vol 13,Ep 709,,Ep 442B (776),,,,,,
G4,1982-11,The Skypoke Statue,天つき地蔵,Vol 114,,Vol 36,Vol 12,Special (Ep 704A),,Ep 110B (207),,,,,,
G5,1982-11,The Flying Carpet Cloth,空飛ぶうす手じゅうたん,Vol 93,,Vol 29,Vol 11,Ep 728,,Ep 439A (769),,,,,,
G6,1982-11,Big G's Fan Club,フィーバー！！ジャイアンF・C,Vol 103,,Vol 33,Vol 10,Ep 704,,Ep 48A (94),,,,,,
TK,1982-11,"Little G, Pro Cartoonist",まんが家ジャイ子先生,Vol 93,Vol 3-6,Vol 29,Vol 19,Ep 708,,Ep 294B (479),,,,,,
G1,1982-12,Skyfishing,空中つりセット,Vol 191,,,Vol 15,Ep 964,,,,,,,,
G2,1982-12,The Stop-Bot,ヤメサセロボット,Vol 190,,,Vol 14,Ep 711,,,,,,,,
G3,1982-12,The Personal Shield System,バリヤーポイント,Vol 99,,Vol 31,Vol 13,Ep 710,,Ep 458B (806),,,,,,
G4,1982-12,Noby the Genius,のび太も天才になれる？,Vol 100,,Vol 32,Vol 12,Ep 714,,,,,,,,
G5,1982-12,Custom Toy Cars,改造チョコQ,Vol 99,,Vol 31,Vol 11,Ep 1128,,,,,,,,
G6,1982-12,Life as a Ghost,ユーレイ暮らしはやめられない,Vol 91,Vol 1-10,Vol 29,Vol 10,Ep 715,,Ep 304A (498),Ep 873A (1468),,,,,
TK,1982-12,Big G's Big Debut,ジャイアンテレビにでる！,Vol 95,,Vol 30,Vol 19,Ep 707,,Ep 263A (424),,,,,,
G1,1983-01,The Landboat,陸上ボート,Vol 163,,,Vol 15,Ep 1012,,,,,,,,
G2,1983-01,The 10 Yen Store,十円なんでもストア,Vol 136,,Vol 44,Vol 14,Ep 721,,Ep 533B (948),,,,,,
G3,1983-01,The Mini-Pedia,実物ミニチュア大百科,Vol 94,,Vol 30,Vol 13,Ep 1022,,Ep 754A (1305),,,,,,
G4,1983-01,The Booster Bank,フエール銀行,Vol 94,,Vol 30,Vol 12,Ep 755,,Ep 793A (1362),,,,,,
G5,1983-01,Celebrity Bodyprints,人気スターがまっ黒け,Vol 94,,Vol 30,Vol 11,Ep 1259,,Ep 96 (183),,,,,,
G6,1983-01,Resolve and Determination,男は決心！,Vol 133,,Vol 43,Vol 10,Ep 740,,Ep 337B (563),,,,,,
TK,1983-01,The Wild Pet House,野生ペット小屋,Vol 95,Vol 1-10,Vol 30,Vol 19,Special (Ep 704B),,Ep 135B (247),Ep 752B (1303),,,,,
G1,1983-02,The Reverse Kite,あげられたこ,Vol 163,,,Vol 15,Ep 1007,,,,,,,,
G2,1983-02,The Thinking Cap,イメージベレーぼう,Vol 167,,,Vol 14,Ep 974,,Ep 733 (Short),,,,,,
G3,1983-02,Blue Screen Nobyman,クロマキーでノビちゃんマン,Vol 95,Vol 1-10,Vol 30,Vol 13,Ep 966,,Ep 658A (1151),,,,,,
G4,1983-02,"Cushions Have Feelings, Too",ざぶとんにもたましいがある,Vol 123,,Vol 39,Vol 12,Ep 727,,Ep 149 (267),Ep 520B (922),,,,,
G5,1983-02,Delicious Reading,本はおいしくよもう,Vol 102,,Vol 32,Vol 11,Ep 738,,Ep 727B (1264),,,,,,
G6,1983-02,Sweet Home Shizuka,しずちゃんとスイートホーム,Vol 110,Vol 2-3,Vol 35,Vol 10,Ep 725,,Ep 159A (282),,,,,,
TK,1983-02,Parting is Sweet Sorrow,ためしにさようなら,Vol 99,Vol 3-1,Vol 31,Vol 19,Ep 724,Ep 1772,Ep 124 (230),,,,,,
G1,1983-03,The Pocket Traffic Light,ポケット信号機,Vol 166,,,Vol 15,Ep 969,,,,,,,,
G2,1983-03,The Elevator Buttons,エレベート・ボタン,Vol 167,,,Vol 14,Ep 965,,,,,,,,
G3,1983-03,The Case of the Missing Savings,のび太のへそくりが消えた！？,Vol 189,,,Vol 13,Ep 1044,,,,,,,,
G4,1983-03,The Word-Change Capsules,しりとり変身カプセル,Vol 88,,Vol 28,Vol 12,Ep 729,,Ep 42A (82),,,,,,
G5,1983-03,The Happiness Insurer,しあわせ保険機,Vol 188,,,Vol 11,Ep 726,,,,,,,,
G6,1983-03,Noby's Dilemma,のび太もたまには考える,Vol 108,,Vol 34,Vol 10,Ep 733,,Ep 192B (324),Ep 562B (1002),,,,,
TK,1983-03,The Real Life Remote,ビデオ式なんでもリモコン,Vol 100,,Vol 32,Vol 19,Ep 1257,,,,,,,,
G1,1983-04,Pet Paint,ペットペンキ,Vol 162,,,Vol 15,Ep 960,,Ep 852B (1441),,,,,,
G2,1983-04,The Order Gun,命れいじゅう,Vol 146,,Vol +2,Vol 15,Ep 955,,,,,,,,
G3,1983-04,The Wallpaper Scenery Changer,かべ景色きりかえ機,Vol 99,,Vol 31,Vol 14,Ep 1296,,Ep 597A (1059),,,,,,
G4,1983-04,Noby Plays God,のび太、神さまになる,Vol 121,,Vol 39,Vol 13,Ep 769,,,,,,,,
G5,1983-04,The Ten Rules of the Rock,十戒石板,Vol 121,Vol 2-4,Vol 39,Vol 12,Ep 730,,Ep 826B (1404),,,,,,
G6,1983-04,The Freight Train Fedora,SLえんとつ,Vol 105,,Vol 33,Vol 11,Ep 732,,,,,,,,
G1,1983-05,The Enlargifying Glass,大きくなる虫めがね,Vol 161,,,Vol 15,Ep 967,,,,,,,,
G2,1983-05,The Roll Anywhere Skates,どこでもだれでもローラースケート,Vol 103,,Vol 33,Vol 15,Ep 743,,,,,,,,
G3,1983-05,How Time Flies,「時」はゴウゴウと流れる,Vol 107,,Vol 34,Vol 14,Ep 739,,Ep 597B (1060),,,,,,
G4,1983-05,The Castaway Set,ロビンソンクルーソーセット,Vol 123,Vol 3-5,Vol 39,Vol 13,Ep 723,,Ep 77B (150),Ep 492B (870),,,,,
G5,1983-05,The Soul Control Gun,たましいふきこみ銃,Vol 107,,Vol 34,Vol 12,Ep 749,,Ep 917A (1522),,,,,,
G6,1983-05,The Midnight Caller,真夜中の電話魔,Vol 94,,Vol 30,Vol 11,Ep 722,,Ep 260B (419),,,,,,
G1,1983-06,The Japanese Rhymelight,ゴロアワセトウ,Vol 160,,,Vol 15,Ep 1017,,Ep 669A (1169),,,,,,
G2,1983-06,Robo-Clay,ロボットねん土,Vol 191,,,Vol 15,,,,,,,,,
G3,1983-06,The Charter Chip,貸し切りチップ,Vol 112,Vol 3-3,Vol 36,Vol 14,Ep 737,,Ep 674B (1180),,,,,,
G4,1983-06,The Room Switcher Switch,へやこうかんスイッチ,Vol 95,,Vol 30,Vol 13,Ep 734,,Ep 457B (804),,,,,,
G5,1983-06,The Memory Disc,メモリーディスク,Vol 121,,Vol 39,Vol 12,Ep 759,,,,,,,,
G6,1983-06,Kaguya-Bot,かぐやロボット,Vol 116,,Vol 37,Vol 11,Ep 736,,Ep 103B (195),,,,,,
G1,1983-07,The Bug Boards,虫よせボード,Vol 137,,Vol 44,Vol 15,Ep 1138,,,,,,,,
G2,1983-07,The Invisible Bodyguard Robot,とうめいボディガードプラモ,Vol 191,,,Vol 15,Ep 950,,,,,,,,
G3,1983-07,The Buyback-Bot,自動買いとり機,Vol 92,,Vol 29,Vol 14,Ep 748,,Ep 777B (1337),,,,,,
G4,1983-07,The Sea-Parting Staff,モーゼステッキ,Vol 98,Vol 1-10,Vol 31,Vol 13,Ep 751,,Ep 398A (681),,,,,,
G5,1983-07,The World Time Clock,時差時計,Vol 101,Vol 3-3,Vol 32,Vol 12,Ep 754,,,,,,,,
G6,1983-07,Wind-Up Subterrine,ゼンマイ式潜地艦,Vol 111,,Vol 35,Vol 11,Ep 745,,,,,,,,
G1,1983-08,Travel Paper,ハイレールペーパー,Vol 162,,,Vol 15,Ep 992,,,,,,,,
G2,1983-08,The Tornado Straw,たつまきストロー,Vol 191,,,Vol 15,Ep 997,,,,,,,,
G3,1983-08,The Arctic Extract,エスキモー・エキス,Vol 106,,Vol 34,Vol 14,Ep 771,,,,,,,,
G4,1983-08,Catching a Sea Monster,海坊主がつれた！,Vol 97,,Vol 31,Vol 13,Ep 735,,Ep 217A (358),Ep 714A (1243),,,,,
G5,1983-08,The Animal Payback Drops,動物変身恩返しグスリ,Vol 110,Vol 2-6,Vol 35,Vol 12,Ep 741,,Ep 355A (599),,,,,,
G6,1983-08,The Nervous System Controller,運動神経コントローラー,Vol 131,,Vol 42,Vol 11,Ep 753,,Ep 516A (912),,,,,,
G1,1983-09,The Shadow Solidifier,影ふみオイル,Vol 164,,,Vol 15,Ep 943,,,,,,,,
G2,1983-09,The Instant Ocean Maker,そくせき海つくり機,Vol 191,,,Vol 15,Ep 781,,,,,,,,
G3,1983-09,Meanie Juice,悪魔のイジワール,Vol 111,,Vol 35,Vol 14,Ep 747,,,,,,,,
G4,1983-09,The Junior Hang-Glider,お子さまハンググライダー,Vol 96,,Vol 30,Vol 13,Special (Ep 744A),,Ep 745B (1293),,,,,,
G5,1983-09,The After-the-Fact Album,あとからアルバム,Vol 98,,Vol 31,Vol 12,Ep 744,,,,,,,,
G6,1983-09,The Buck Passer,あとはおまかせタッチ手ぶくろ,Vol 124,Vol 3-5,Vol 40,Vol 11,Ep 742,,Ep 408B (708),,,,,,
CC,1983-09,Noby and the Devildoom Chronicles,のび太の魔界大冒険,Vol L5,,Vol L5,Vol L2,,,,,,Nobita's Great Adventure into the Underworld,Nobita's New Great Adventure into the Underworld,,
G1,1983-10,Mirror World,あべこべ世界ミラー,Vol 161,,,Vol 15,Ep 902,,Ep 335A (558),,,,,,
G2,1983-10,The Heli-Camera,ヘリカメラ,Vol 191,,,Vol 15,Ep 998,,,,,,,,
G3,1983-10,The Little-Later Lens,することレンズ,Vol 96,Vol 1-10,Vol 30,Vol 14,Ep 746,,Ep 431B (757),,,,,,
G4,1983-10,The Typhoon Trap and the Wind Fridge,台風トラップと風蔵庫,Vol 125,,Vol 40,Vol 13,Ep 777,,Ep 382B (652),,,,,,
G5,1983-10,Magic Handkerchief,タネなしマジック,Vol 106,,Vol 34,Vol 12,Ep 775,,Ep 905B (1506),,,,,,
G6,1983-10,Gulliver's Troubles,めいわくガリバー,Vol 112,,Vol 36,Vol 11,Special (Ep 744B),,Ep 251A (404),Ep 513A (909),,,,,
G1,1983-11,Trampoline Spray,トランポリンゲン,Vol 161,,,Vol 15,Ep 1001,,Ep 561A (999),,,,,,
G2,1983-11,The Travel Screen,観光旅行まど,Vol 191,,,Vol 15,Ep 778,,,,,,,,
G3,1983-11,The Sandlot Shark,空き地のジョーズ,Vol 94,Vol 1-10,Vol 30,Vol 14,Ep 764,,Ep 86B (166),Ep 904A (1504),,,,,
G4,1983-11,Medal of Pity,カワイソメダル,Vol 189,,,Vol 13,Ep 750,,,,,,,,
G5,1983-11,The Happy Cap,ホンワカキャップ,Vol 95,,Vol 30,Vol 12,Ep 752,,,,,,,,
G6,1983-11,The Strange Persimmon Tree,一晩でカキの実がなった,Vol 107,,Vol 34,Vol 11,Ep 779,,Ep 543B (967),,,,,,
G1,1983-12,The Fountain of Maturity Rope,としの泉ロープ,Vol 161,,,Vol 15,Ep 905,,,,,,,,
G2,1983-12,Imagi-Gum,イメージガム,Vol 152,,Vol +4,Vol 15,Ep 766,,Ep 856A (1446),,,,,,
G3,1983-12,The Peephole Board,のぞき穴ボード,Vol 91,,Vol 29,Vol 14,Ep 756,,Ep 728B (1266),,,,,,
G4,1983-12,Napper's Paradise,ひるねは天国で,Vol 108,,Vol 34,Vol 13,Ep 757,,Ep 328A (544),,,Nobita and the Kingdom of Clouds,,,
G5,1983-12,The Rubberneck Racer,ヤジウマアンテナ,Vol 106,,Vol 34,Vol 12,Ep 760,,,,,,,,
G6,1983-12,Big G's Fan Mail,ジャイアンへのホットなレター,Vol 110,,Vol 35,Vol 11,Ep 761,,Ep 463B (816),,,,,,
G1,1984-01,The Personal TV Station,ミニテレビ局,Vol 164,,,Vol 15,Ep 1030,,,,,,,,
G2,1984-01,Ultra Guy,ウルトラヒーロー,Vol 191,,,Vol 15,Ep 774,,,,,,,,
G3,1984-01,The Pet Pen,ペットペン,Vol 147,,Vol +2,Vol 14,Ep 770,,Ep 237 (385),Ep 792B (1361),,,,,
G4,1984-01,Echoes in the Night,ま夜中に山びこ山が！,Vol 109,,Vol 35,Vol 13,Ep 765,,Ep 755A (1306),,,,,,
G5,1984-01,The Boot Camp Fear Trainers,「スパルタ式にが手こくふく錠」と「にが手タッチバトン」,Vol 154,,Vol +5,Vol 12,,,Ep 110C (208),Ep 584A (1039),,,,,
G6,1984-01,The War of the Dioramas,超リアル・ジオラマ作戦,Vol 100,,Vol 32,Vol 11,Ep 767,,,,,,,,
G1,1984-02,Pic Mic Elixir,シャシンシャベール,Vol 162,,,Vol 15,Ep 1003,,Ep 838A (1420),,,,,,
G2,1984-02,The E-Z Hot Air Balloon,エネルギーせつやく熱気球,Vol 153,,Vol +4,Vol 15,Ep 768,,,,,,,,
G3,1984-02,The Locker Cutter,ロッカーカッター,Vol 190,,,Vol 14,Ep 762,,,,,,,,
G4,1984-02,Booze River,酒の泳ぐ川,Vol 114,,Vol 36,Vol 13,Ep 791,,Ep 314A (517),Ep 782A (1344),,,,,
G5,1984-02,Rain Man Blues,雨男はつらいよ,Vol 107,,Vol 34,Vol 12,Ep 763,,Ep 173 (299),Ep 524B (930),,,,,
G6,1984-02,"Stop the World, I Want to Get Off",地球下車マシン,Vol 110,,Vol 35,Vol 11,Ep 796,,Ep 433B (761),,,,,,
G1,1984-03,The Dream Hole,夢ホール,Vol 165,,,Vol 15,Ep 1037,,,,,,,,
G2,1984-03,The Chair Customizer,いすかいりょう機,Vol 192,,,Vol 15,Ep 972,,,,,,,,
G3,1984-03,Into the Silver Screen,巨大立体スクリーンの中へ,Vol 100,,Vol 32,Vol 14,Ep 1021,,,,,,,,
G4,1984-03,The Robot Guardian Angel,ロボット背後霊,Vol 115,,Vol 37,Vol 13,Ep 785,,Ep 134B (245),Ep 818A (1394),,,,,
G5,1984-03,The Room Guard Set,ルームガードセット,Vol 144,,Vol +1,Vol 12,Ep 782,,Ep 301A (492),,,,,,
G6,1984-03,Noby's Son Runs Away,のび太の息子が家出した,Vol 114,Vol 3-4,Vol 36,Vol 11,Ep 789,,Ep 289B (470),Ep 718A (1249),,,,,
G1,1984-04,Bird Caps,バードキャップ,Vol 160,,,Vol 16,Ep 1601,,Ep 322B (536),,,,,,
G2,1984-04,The Pied Pipertron,ハメルンチャルメラ,Vol 127,Vol 2-6,Vol 41,Vol 15,Ep 1171,,Ep 313B (516),,,,,,
G3,1984-04,The Human Magnet Belt,人間じしゃくベルト,Vol 192,,,Vol 15,Ep 780,,,,,,,,
G4,1984-04,"Farewell, Mon Arbor",さらばキー坊,Vol 105,,Vol 33,Vol 14,Ep 758,,,,,Nobita and the Green Giant Legend,,,
G5,1984-04,Enter the Studyman,ガッコー仮面登場,Vol 105,,Vol 33,Vol 13,Ep 783,,Ep 482B (852),,,,,,
G6,1984-04,Noby's Do-Over,空ぶりは巻きもどして…,Vol 109,,Vol 35,Vol 12,Ep 790,,Ep 771A (1327),,,,,,
G1,1984-05,The Hyperbolic Camera,大げさカメラ,Vol 165,,,Vol 16,Ep 925,,,,,,,,
G2,1984-05,The Phantomizer,ホログラ機,Vol 150,,Vol +3,Vol 15,Ep 911,,,,,,,,
G3,1984-05,The Message Cannon,大砲でないしょの話,Vol 109,,Vol 35,Vol 15,Ep 814,,Ep 502B (889),,,,,,
G4,1984-05,The Feelie Fez,感覚モニター,Vol 115,,Vol 37,Vol 14,Ep 787,,,,,,,,
G5,1984-05,The Super Coupon Book,なんでも割引券,Vol 190,,,Vol 13,Ep 823,,,,,,,,
G6,1984-05,The All-You-Can-Mine Mix,合成鉱山の素,Vol 134,,Vol 43,Vol 12,Ep 788,,Ep 458A (805),,,,,,
G1,1984-06,The Weight Remover,重さすいこみじゅう,Vol 162,,,Vol 16,Ep 931,,Ep 728 (Short),,,,,,
G2,1984-06,Skink Ink,トカゲロン,Vol 192,,,Vol 15,Ep 811,,,,,,,,
G3,1984-06,Earthquake Training Paper,地震訓練ペーパー,Vol 108,,Vol 34,Vol 15,Ep 784,,,,,,,,
G4,1984-06,Big G's Big Concert,またもジャイアンコンサート,Vol 118,,Vol 38,Vol 14,Ep 786,,,,,,,,
G5,1984-06,The Forced Cash Card,ムリヤリキャッシュカード,Vol 110,,Vol 35,Vol 13,Ep 812,,,,,,,,
G6,1984-06,The Whammy Cam,ドッキリビデオ,Vol 116,,Vol 37,Vol 12,Ep 792,,Ep 339B (568),,,,,,
G1,1984-07,The Inny-Outie,ナカミスイトール,Vol 160,,,Vol 16,Ep 927,,,,,,,,
G2,1984-07,The Trick Candlestick,しん気ろうそく立て,Vol 143,,Vol +1,Vol 15,Ep 989,,,,,,,,
G3,1984-07,The Safety Charm Sticker,ききめ一番やくよけシール,Vol 119,Vol 3-6,Vol 38,Vol 15,Ep 793,,Ep 613B (1076),,,,,,
G4,1984-07,The Comeback Kaboom,一発逆転ばくだん,Vol 149,,Vol +3,Vol 14,Ep 830,,,,,,,,
G5,1984-07,The Prophecy,大予言・地球の滅びる日,Vol 113,Vol 2-5,Vol 36,Vol 13,Ep 1018,,Ep 473B (836),,,,,,
G6,1984-07,Halley's Tail,ハリーのしっぽ,Vol 104,,Vol 33,Vol 12,Ep 794,,Ep 684A (1194),,,,,,
CC,1984-07,Hoy's Village,ドンジャラ村のホイ,Vol 111,Vol 2-6,Vol 35,Vol 20,Ep 776,,Ep 110A (206),Ep 696 (1215),,,,,
G1,1984-08,The Invisible Hands,とうめいハンド,Vol 160,,,Vol 16,Ep 979,,Ep 917B (1523),,,,,,
G2,1984-08,The Clay-Bot,ネンドロイド,Vol 110,,Vol 35,Vol 15,Ep 815,,Ep 586B (1044),,,,,,
G3,1984-08,The Prank Maker,いたずらオモチャ化機,Vol 113,,Vol 36,Vol 15,Ep 798,,Ep 454A (798),,,,,,
G4,1984-08,The Plushie Maker,なんでもぬいぐるみに…,Vol 111,,Vol 35,Vol 14,Ep 799,,Ep 403B (693),,,,,,
G5,1984-08,Adventure Tea Time,アドベン茶で大冒険,Vol 113,Vol 3-2,Vol 36,Vol 13,Ep 797,,Ep 142A (256),Ep 660A (1154),,,,,
G6,1984-08,The Circle of Friends,友だちの輪,Vol 119,Vol 2-3,Vol 38,Vol 12,Ep 801,,Ep 14B (28),Ep 522B (926),,,,,
CC,1984-08,Noby's Little Space War,のび太の宇宙小戦争,Vol L6,,Vol L6,Vol L2,,,,,,Nobita's Little Star Wars,Nobita's Little Star Wars 2021,,
G1,1984-09,The Marionetter,マリオネッター,Vol 164,,,Vol 16,Ep 999,,Ep 736 (Short),,,,,,
G2,1984-09,Lightning Grease,デンコーセッカ,Vol 192,,,Vol 15,Ep 813,,,,,,,,
G3,1984-09,The Time Peephole,タイムふしあな,Vol 113,,Vol 36,Vol 15,Ep 810,,,,,,,,
G4,1984-09,The Perfect Sneech,スネ夫は理想のお兄さん,Vol 126,,Vol 40,Vol 14,Special (Ep 795A),,Ep 46B (91),Ep 673B (1178),,,,,
G5,1984-09,Doraemon's Day Off,ドラえもんに休日を！！,Vol 110,,Vol 35,Vol 13,Ep 805,Ep 1787,Ep 140B (254),,,,,,
G6,1984-09,Hurricane Big G,ジャイアン台風接近中,Vol 111,,Vol 35,Vol 12,Ep 817,,Ep 900A (1499),,,,,,
G1,1984-10,Reality Scissors,実物はさみ,Vol 163,,,Vol 16,Ep 1139,,Ep 729 (Short),,,,,,
G2,1984-10,Travel Paper,トビレットペーパー,Vol 149,,Vol +3,Vol 15,Ep 803,,Ep 819A (1395),,,,,,
G3,1984-10,Come-Here Chow,カムカムキャットフード,Vol 116,Vol 3-2,Vol 37,Vol 15,Ep 804,,Ep 91A (174),Ep 723A (1258),,,,,
G4,1984-10,The Auto-Returner Tag,自動返送荷札,Vol 107,,Vol 34,Vol 14,Ep 800,,Ep 736B (1280),,,,,,
G5,1984-10,Gentle Big G,ジャイアン反省・のび太はめいわく,Vol 112,,Vol 36,Vol 13,Ep 829,,Ep 92B (177),Ep 635A (1112),,,,,
G6,1984-10,Drama Spray,もりあがれ！ドラマチックガス,Vol 112,Vol 2-2,Vol 36,Vol 12,Ep 802,,Ep 127A (233),,,,,,
G1,1984-11,The Anything Controller,なんでもそうじゅう機,Vol 164,,,Vol 16,Ep 986,,,,,,,,
G2,1984-11,The Talk'n Typewriter,ききがきタイプライター,Vol 109,,Vol 35,Vol 15,Ep 1019,,,,,,,,
G3,1984-11,The Mushroom Miniscape,箱庭で松たけがり,Vol 120,,Vol 38,Vol 15,Ep 835,,Ep 345B (579),Ep 781A (1343),,,,,
G4,1984-11,The Copycan,「そんざいかん」がのぞいてる,Vol 112,,Vol 36,Vol 14,Ep 806,,,,,,,,
G5,1984-11,The Doubt Transmitter,自信ぐらつ機,Vol 115,,Vol 37,Vol 13,Ep 807,,Ep 69A (134),,,,,,
G6,1984-11,The Ultra Handyman Company,なんでもひきうけ会社,Vol 115,,Vol 37,Vol 12,Ep 808,,Ep 794A (1364),,,,,,
G1,1984-12,The Woodcutter's Pond,きこりの泉,Vol 114,,Vol 36,Vol 16,Ep 912,,Ep 15B (30),Ep 247A (397),,,,,
G2,1984-12,The TV Telephone,テレテレホン,Vol 152,,Vol +4,Vol 15,Ep 890,,,,,,,,
G3,1984-12,Please Forgive–Bee,シズメバチの巣,Vol 113,,Vol 36,Vol 15,Ep 816,,Ep 785A (1350),,,,,,
G4,1984-12,The Wish Card,シテクレジットカード,Vol 107,,Vol 34,Vol 14,Ep 846,,,,,,,,
G5,1984-12,The Mind Tuning Fork,ツモリナール,Vol 112,Vol 3-4,Vol 36,Vol 13,Ep 840,,,,,,,,
G6,1984-12,The Dimensional Roller,次元ローラー,Vol 189,,,Vol 12,Ep 819,,,,,,,,
G1,1985-01,Date Line Chalk,日づけ変更チョーク,Vol 163,,,Vol 16,Ep 907,,,,,,,,
G2,1985-01,Treasure Hunt Paper,宝さがしペーパー,Vol 151,,Vol +4,Vol 15,Ep 958,,Ep 740A (1285),,,,,,
G3,1985-01,Handmade Clouds,手作りの雲は楽しいね,Vol 122,Vol 2-6,Vol 39,Vol 15,Ep 843,,Ep 753A (1304),,,,,,
G4,1985-01,Imprinting Shizuka,たまごの中のしずちゃん,Vol 117,,Vol 37,Vol 14,Ep 821,,Ep 95B (182),,,Stand by Me Doraemon,,,
G5,1985-01,The Dreamplayer,ドリームプレイヤー,Vol 118,,Vol 38,Vol 13,Ep 1061,,Ep 156 (279),,,,,,
G6,1985-01,The Lazy New Year Kit,ぐーたらお正月セット,Vol 109,,Vol 35,Vol 12,Special (Ep 847A),,,,,,,,
G1,1985-02,Breakit and Fixit Stickers,「なおしバン」と「こわしバン」,Vol 164,,,Vol 16,Ep 924,,,,,,,,
G2,1985-02,Evil-Banishing Beans,鬼は外ビーンズ,Vol 192,,,Vol 15,Ep 1010,,Ep 282A (458),Ep 640A (1121),,,,,
G3,1985-02,The Costume Camera and Costume Paste,「ぬいぐるみカメラ」と「クルーム」,Vol 192,,,Vol 15,Ep 1338,,,,,,,,
G4,1985-02,The Cross-Section Viewer,断層ビジョン,Vol 114,,Vol 36,Vol 14,Ep 971,,Ep 406A (701),,,,,,
G5,1985-02,Just the Truth,ジャストホンネ,Vol 122,,Vol 39,Vol 13,Ep 820,,Ep 248B (400),,,,,,
G6,1985-02,The Case of the Killer Song,ジャイアン殺人事件,Vol 123,,Vol 39,Vol 12,Ep 855,,Ep 329B (547),,,,,,
G1,1985-03,The Inanimator Wand,無生物しきぼう,Vol 165,,,Vol 16,Ep 957,,Ep 786A (1351),,,,,,
G2,1985-03,The Cartooner,アニメばこ,Vol 136,,Vol 44,Vol 15,Ep 1013,,Ep 732A (1273),,,,,,
G3,1985-03,Revenge Vouchers,しかえし伝票,Vol 118,,Vol 38,Vol 15,Ep 889,,Ep 398B (682),,,,,,
G4,1985-03,The Time Adjustin' Acorn ,上げ下げくり,Vol 133,,Vol 43,Vol 14,Ep 825,,Ep 232B (381),Ep 674A (1179),,,,,
G5,1985-03,The Fighter Finder,暴力エネルギー探知器,Vol 190,,,Vol 13,Ep 822,,,,,,,,
G6,1985-03,The Course Checker,右か左か人生コース,Vol 132,,Vol 42,Vol 12,Ep 818,,Ep 199B (334),Ep 758A (1310),,,,,
G1,1985-04,Sleepwalk Stickers,いねむりシール,Vol 163,,,Vol 16,Ep 988,,Ep 448B (788),,,,,,
G2,1985-04,The Confession Hat,ざんげぼう,Vol 156,,Vol +5,Vol 16,Ep 1023,,,,,,,,
G3,1985-04,The Elevator Plate,エレベーター・プレート,Vol 115,,Vol 37,Vol 15,Ep 1226,,Ep 633B (1110),,,,,,
G4,1985-04,The Fakeit-Makeit Spray,へたうまスプレー,Vol 135,,Vol 43,Vol 15,Ep 824,,Ep 93A (178),Ep 801A (1373),,,,,
G5,1985-04,The Transmogrify Ray,物体変換銃,Vol 118,,Vol 38,Vol 14,Ep 826,,Ep 364B (616),,,,,,
G6,1985-04,The Reporter Robot,レポーターロボット,Vol 125,,Vol 40,Vol 13,Ep 838,,Ep 146A (263),,,,,,
G1,1985-05,The Escape Dumpling,お助けだんご,Vol 164,,,Vol 16,Ep 976,,,,,,,,
G2,1985-05,The Bubble Pipe,うきわパイプ,Vol 139,,Vol 45,Vol 16,Ep 1136,,,,,,,,
G3,1985-05,The Remote Eyelips,出ちょう口目,Vol 127,,Vol 41,Vol 15,Ep 834,,Ep 478B (844),,,,,,
G4,1985-05,The Shine Solidifier,カチンカチンライト,Vol 120,,Vol 38,Vol 15,Ep 832,,Ep 341B (572),,,,,,
G5,1985-05,Big G's Decision,ふつうの男の子にもどらない,Vol 124,,Vol 40,Vol 14,Ep 833,,Ep 334A (556),,,,,,
G6,1985-05,Rock Hard Willpower,強～いイシ,Vol 134,,Vol 43,Vol 13,Ep 831,,Ep 113B (214),Ep 573B (1024),,,,,
G1,1985-06,The Morph-Bot,変身ロボット,Vol 163,,,Vol 16,Ep 951,,Ep 855A (1444),,,,,,
G2,1985-06,The Ventrilophone,ふきかえ糸電話,Vol 116,,Vol 37,Vol 16,Ep 898,,,,,,,,
G3,1985-06,The Plantain Fan,バショー扇の使いみち,Vol 119,,Vol 38,Vol 15,Ep 836,,Ep 451B (793),,,,,,
G4,1985-06,The Blind Spot Star,モーテン星,Vol 125,,Vol 40,Vol 15,Ep 839,,Ep 82A (157),,,,,,
G5,1985-06,The Ghost Timer,オバケタイマー,Vol 113,,Vol 36,Vol 14,Ep 932,,Ep 795A (1365),,,,,,
G6,1985-06,The Invisible Bodyguard,みえないボディガード,Vol 127,Vol 2-5,Vol 41,Vol 13,Ep 837,,Ep 459B (808),,,,,,
G1,1985-07,The Role Plate,なりきりプレート,Vol 160,,,Vol 16,Ep 1052,,,,,,,,
G2,1985-07,The Dino Discovery,恐竜の足あと発見,Vol 137,,Vol 44,Vol 16,Ep 1005,,Ep 38B (76),,,,,,
G3,1985-07,The Time-Dumb,時限バカ弾,Vol 128,,Vol 41,Vol 15,Ep 842,,Ep 57A (113),Ep 537B (955),,,,,
G4,1985-07,The Adventure Game Book,冒険ゲームブック,Vol 119,Vol 2-6,Vol 38,Vol 15,Ep 847,,Ep 306B (503),,,,,,
G5,1985-07,Escape from Score Zero,のび太の0点脱出作戦,Vol 117,,Vol 37,Vol 14,Ep 845,,Ep 153B (274),Ep 819B (1396),,,,,
G6,1985-07,Boy Becomes Girl,男女入れかえ物語,Vol 132,Vol 2-2,Vol 42,Vol 13,Ep 849,,Ep 8A (14),,,,,,
G1,1985-08,The Pop-Out Animal Farm,生き物しいくジオラマブック,Vol 160,,,Vol 16,Ep 920,,,,,,,,
G2,1985-08,Traffic Sign Stickers,交通ひょうしきステッカー,Vol 152,Vol 3-3,Vol +4,Vol 16,Ep 921,,Ep 801B (1374),,,,,,
G3,1985-08,The Hypno-Pillowcase,ねながらケース,Vol 119,,Vol 38,Vol 15,Ep 948,,Ep 780B (1342),,,,,,
G4,1985-08,Fictional Character Eggs,架空人物たまご,Vol 124,Vol 2-6,Vol 40,Vol 15,Ep 841,,Ep 104A (196),Ep 509A (901),,,,,
G5,1985-08,Terror Tonic,恐怖のたたりチンキ,Vol 124,,Vol 40,Vol 14,Ep 919,,Ep 571A (1020),,,,,,
G6,1985-08,"Christine Goda, Comic Artist",大人気！クリスチーネ先生,Vol 117,,Vol 37,Vol 13,Ep 844,,Ep 418B (730),,,,,,
CC,1985-08,Noby vs. the Mecha Army,のび太と鉄人兵団,Vol L7,,Vol L7,Vol L3,,,,,,Nobita and the Steel Troops,Nobita and the New Steel Troops,,
G1,1985-09,The Shadow Snapper,影ぼうしフラッシュ,Vol 162,,,Vol 16,Ep 983,,Ep 627A (1097),,,,,,
G2,1985-09,The Gimme Hand,チョーダイハンド,Vol 193,,,Vol 16,Ep 978,,,,,,,,
G3,1985-09,The Rescue Bee,ハチにたのめばなんとかなるさ,Vol 143,,Vol +1,Vol 15,Ep 850,,Ep 665B (1165),,,,,,
G4,1985-09,Scare Specs,きもだめしめがね,Vol 148,,Vol +3,Vol 15,Ep 926,,Ep 529A (939),,,,,,
G5,1985-09,The Mind-Whisper,さとりヘルメット,Vol 122,,Vol 39,Vol 14,Ep 854,,Ep 330B (549),,,,,,
G6,1985-09,45 Years from Now,45年後……,Vol 156,Vol 3-1,Vol +5,Vol 13,Ep 1786,,Ep 196B (330),Ep 856B (1447),,,,,
G1,1985-10,A Slice of Ocean,海をひと切れ切りとって,Vol 138,,Vol 44,Vol 16,,,Ep 408A (707),,,,,,
G2,1985-10,Around the World in 80 Square Feet,室内世界旅行セット,Vol 149,,Vol +3,Vol 16,Ep 1075,,,,,,,,
G3,1985-10,The Pointer Arrow,ついせきアロー,Vol 192,,,Vol 15,Ep 922,,,,,,,,
G4,1985-10,The Emotional Energy Tank,感情エネルギーボンベ,Vol 132,,Vol 42,Vol 15,Ep 858,,Ep 262A (422),,,,,,
G5,1985-10,Airshoes,不運は、のび太のツヨーイ味方！？,Vol 144,,Vol +1,Vol 14,Ep 899,,,,,,,,
G6,1985-10,The Invincible Cannon,スネ夫の無敵砲台,Vol 120,,Vol 38,Vol 13,Ep 853,,Ep 148 (266),,,,,,
G1,1985-11,Jack Beans,ジャック豆,Vol 160,,,Vol 16,Ep 1624,,Ep 438A (767),,,,,,
G2,1985-11,The Costume-Maker Camera,ぬいぐるみせいぞうカメラ,Vol 193,,,Vol 16,Ep 1064,,,,,,,,
G3,1985-11,Time Glove Revenge,タイム手ぶくろでしかえしを,Vol 193,,,Vol 15,Ep 859,,,,,,,,
G4,1985-11,The Truth-Be-Told Speaker,アトカラホントスピーカー,Vol 116,,Vol 37,Vol 15,Ep 861,,Ep 78A (151),Ep 541B (963),,,,,
G5,1985-11,The Lift Stick,リフトストック,Vol 116,,Vol 37,Vol 14,Ep 892,,Ep 153A (273),Ep 736A (1279),,,,,
G6,1985-11,The 4D Trash Can,四次元くずかご,Vol 139,,Vol 45,Vol 13,Ep 862,,Ep 481B (850),,,,,,
G1,1985-12,The Cordless Can Phone,糸なし糸でんわ,Vol 161,,,Vol 16,Ep 981,,,,,,,,
G2,1985-12,The Map Injector,地図ちゅうしゃき,Vol 140,,Vol 45,Vol 16,Ep 1050,,Ep 708A (1231),,,,,,
G3,1985-12,The War of the Whispers,ないしょ話…,Vol 154,,Vol +5,Vol 15,Ep 863,,,,,,,,
G4,1985-12,The Time Crank,タイムワープリール,Vol 140,,Vol 45,Vol 15,Ep 956,,Ep 137A (249),Ep 583A (1038),,,,,
G5,1985-12,The One-Step-at-a-Timer,きらいなテストにガ～ンバ！,Vol 144,,Vol +1,Vol 14,Ep 865,,Ep 660B (1155),,,,,,
G6,1985-12,The All Alone-ade,無人境ドリンク,Vol 120,,Vol 38,Vol 13,Ep 864,,Ep 680A (1191),,,,,,
G1,1986-01,Chameleon Tea,カメレオン茶,Vol 160,,,Vol 16,Ep 1000,,Ep 727 (Short),,,,,,
G2,1986-01,The So-be-it Shells,そうなる貝セット,Vol 155,,Vol +5,Vol 16,Ep 1039,,Ep 270A (436),Ep 885B (1483),,,,,
G3,1986-01,Program Freckles,人間プログラミングほくろ,Vol 147,,Vol +2,Vol 15,Ep 918,,,,,,,,
G4,1986-01,The Holo-Faker,みせかけ落がきペン,Vol 151,,Vol +4,Vol 15,Ep 875,,Ep 795B (1366),,,,,,
G5,1986-01,Baggage Check Tags,一時あずけカード,Vol 149,,Vol +3,Vol 14,Ep 870,,,,,,,,
G6,1986-01,Secrets of Idol Singers,人気歌手翼ちゃんの秘密,Vol 154,,Vol +5,Vol 13,Ep 877,,,,,,,,
G1,1986-02,The Fortune Card Dealer,うらないカードボックス,Vol 163,,,Vol 16,Ep 995,,Ep 863B (1457),,,,,,
G2,1986-02,The R/C Any-tenna,ラジコンアンテナ,Vol 193,,,Vol 16,Ep 1009,,,,,,,,
G3,1986-02,Shunner-Stunners,無視虫,Vol 155,,Vol +5,Vol 15,Ep 1047,,,,,,,,
G4,1986-02,The Secret Tunnel Pen,ぬけ穴ボールペン,Vol 122,Vol 3-5,Vol 39,Vol 15,Ep 866,,Ep 638A (1117),,,,,,
G5,1986-02,Twinkle Twinkle,夜空がギンギラギン,Vol 118,Vol 3-3,Vol 38,Vol 14,Ep 869,,Ep 348B (585),,,,,,
G6,1986-02,The Anti-Grav Belt,逆重力ベルト,Vol 190,,,Vol 13,Ep 867,,,,,,,,
G1,1986-03,My Own Genie,まじんのいないまほうのランプ,Vol 165,,,Vol 16,Ep 871,Ep 1581,Ep 269A (434),,,,,,
G2,1986-03,Weather Pens,アメダスペン,Vol 193,,,Vol 16,Ep 962,,,,,,,,
G3,1986-03,The 4D Junior Driver Sticker,四次元若葉マーク,Vol 122,,Vol 39,Vol 15,Ep 872,,,,,,,,
G4,1986-03,The Scene Stealer,けしきカッター,Vol 130,,Vol 42,Vol 15,Ep 873,,Ep 803B (1378),,,,,,
G5,1986-03,The Slider Stick,ずらしんぼ,Vol 122,,Vol 39,Vol 14,Ep 876,,Ep 430B (755),,,,,,
G6,1986-03,The Idiomator,具象化鏡,Vol 123,,Vol 39,Vol 13,Ep 874,,Ep 204B (342),Ep 512B (908),,,,,
G1,1986-04,Animal Finger Puppets,動物指キャップ,Vol 165,,,Vol 17,Ep 1016,,Ep 915A (1520),,,,,,
G2,1986-04,The Place-Trader Pistol,人の身になるタチバガン,Vol 136,Vol 3-6,Vol 44,Vol 16,Ep 878,,Ep 526B (934),,,,,,
G3,1986-04,Cherry Blossoms… No Matter What,何が何でもお花見を,Vol 140,Vol 3-5,Vol 45,Vol 16,Ep 909,,Ep 326B (541),,,,,,
G4,1986-04,The Dream Director Chair,ユメかんとくいす,Vol 146,,Vol +2,Vol 15,Ep 882,,Ep 334B (557),,,,,,
G5,1986-04,The Tele-Megaphone,望遠メガフォン,Vol 192,,,Vol 15,Ep 1014,,,,,,,,
G6,1986-04,Fairytale Land Tickets,メルヘンランド入場券,Vol 121,,Vol 39,Vol 14,Ep 880,,Ep 735A (1277),,,,,,
G1,1986-05,The Anywhere-o-rama,実物ジオラマ,Vol 164,,,Vol 17,Ep 975,,,,,,,,
G2,1986-05,The Pet-a-lizer,ペッター,Vol 150,,Vol +3,Vol 16,Ep 904,,Ep 338A (564),,,,,,
G3,1986-05,Focus Bubbles,集中力増強シャボンヘルメット,Vol 143,Vol 3-5,Vol +1,Vol 16,Ep 885,,Ep 659A (1153),,,,,,
G4,1986-05,The Handi-Cap,ハンディキャップ,Vol 121,,Vol 39,Vol 15,Ep 887,,Ep 787B (1354),,,,,,
G5,1986-05,Balloon Express Mail,風船がとどけた手紙,Vol 122,,Vol 39,Vol 15,Ep 883,,Ep 632B (1108),,,,,,
G6,1986-05,The Dreampleter Chip,ユメ完結チップ,Vol 159,,Vol +6,Vol 14,Ep 900,,,,,,,,
G1,1986-06,The Warp Pen,ワープペン,Vol 165,,,Vol 17,Ep 980,,,,,,,,
G2,1986-06,The Courier Cap,たくはいキャップ,Vol 136,,Vol 44,Vol 16,Ep 888,,,,,,,,
G3,1986-06,Big upGrade,おれさまをグレードアップ,Vol 137,,Vol 44,Vol 16,Ep 895,,Ep 525B (932),,,,,,
G4,1986-06,The Perfect Photo Printer,おこのみフォト・プリンター,Vol 143,,Vol +1,Vol 15,Ep 886,,,,,,,,
G5,1986-06,The Deflation Needle,厚みぬきとりバリ,Vol 121,Vol 3-4,Vol 39,Vol 15,Ep 897,,Ep 459A (807),,,,,,
G6,1986-06,Optical Ivy,光ファイバーつた,Vol 145,,Vol +2,Vol 14,Ep 884,,Ep 789A (1356),,,,,,
G1,1986-07,Waterproofing Spray,カサイラズ,Vol 161,,,Vol 17,Ep 916,,,,,,,,
G2,1986-07,The Star Rocket,ねがい七夕ロケット,Vol 193,,,Vol 16,Ep 923,,Ep 566B (1010),,,,,,
G3,1986-07,The Friend Ring,みかたゆびわ,Vol 193,,,Vol 16,Ep 894,,,,,,,,
G4,1986-07,International Bug Hunters,世界の昆虫を集めよう,Vol 128,,Vol 41,Vol 15,Ep 990,,,,,,,,
G5,1986-07,The Mini-Car Set,実用ミニカーセット,Vol 131,,Vol 42,Vol 15,Ep 891,,Ep 830B (1410),,,,,,
G6,1986-07,Comet Hunters,コメットハンターに挑戦,Vol 191,,,Vol 14,Ep 893,Ep 1461,,,,,,,
G1,1986-08,The Shrink-Grow Cup,中身ごとのびちぢみカップ,Vol 162,,,Vol 17,Ep 993,,Ep 726 (Short),,,,,,
G2,1986-08,Chiller Tickets,スリルチケット,Vol 144,,Vol +1,Vol 16,Ep 928,,Ep 876B (1471),,,,,,
G3,1986-08,The EZ-Hiking Hat,らくらくとざんぼう,Vol 193,,,Vol 16,Ep 1032,,,,,,,,
CC,1986-11,Noby and the Dino Knights,のび太と竜の騎士,Vol L8,,Vol L8,Vol L3,,,,,,Nobita and the Knights on Dinosaurs,,,
G3,1987-01,Noby's Train Set,のび太の模型鉄道,Vol 123,,Vol 39,Vol 16,Ep 915,,,,,,,,
G3,1987-02,The Blackhole Pen and Whitehole Pen,ブラック・ホワイトホールペン,Vol 138,,Vol 44,Vol 16,Ep 930,,Ep 194A (326),Ep 762A (1316),,,,,
G3,1987-03,The Human Remote Control,人間リモコン,Vol 134,,Vol 43,Vol 16,Ep 946,,,,,,,,
G1,1987-04,The Balloon Express,どこでもふうせん,Vol 163,,,Vol 17,Ep 1124,,,,,,,,
G2,1987-04,The Traffic Timer,こうつうきせいタイマー,Vol 156,,Vol +5,Vol 17,Ep 934,,,,,,,,
G3,1987-04,The Heart Changer Mic,こころふきこみマイク,Vol 194,,,Vol 16,Ep 939,,,,,,,,
G4,1987-04,The In-and-Out Cloud,半分おでかけ雲,Vol 142,,Vol +1,Vol 16,Ep 945,,Ep 631A (1105),,,,,,
G5,1987-04,The Whatsit Tabs,ツーカー錠,Vol 131,,Vol 42,Vol 15,Ep 941,,,,,,,,
G6,1987-04,Mini-Doraemon,ぼくミニドラえもん,Vol 127,,Vol 41,Vol 15,,,Ep 108A (203),Ep 490A (866),,,,,
G1,1987-05,Smoke Man,モクモクマン,Vol 161,,,Vol 17,Ep 949,,,,,,,,
G2,1987-05,Buddy Badges,なかまバッジ,Vol 153,,Vol +4,Vol 17,Ep 944,,Ep 776A (1335),,,,,,
G3,1987-05,The Travel Window Set,旅行窓セット,Vol 194,,,Vol 16,Ep 947,,,,,,,,
G4,1987-05,The Hide-and-Stick,かくれん棒,Vol 130,,Vol 42,Vol 16,Ep 1113,,Ep 726A (1261),,,,,,
G4,1988-06,Return to Mirrorland,入りこみミラーII,Vol 194,,,Vol 16,Ep 996,,,,,,,,
G4,1988-07,The Time Room,タイム・ルーム 昔のカキの物語,Vol 125,,Vol 40,Vol 16,Ep 1004,,Ep 419B (732),,,,,,
G4,1988-08,The Autopilot Footprint Stamp,ゆうどう足あとスタンプ,Vol 194,,,Vol 16,Ep 1002,,,,,,,,
G4,1988-09,Mr. S Returns,またまた先生がくる,Vol 124,,Vol 40,Vol 16,Ep 1008,,Ep 478A (843),,,,,,
G4,1988-10,The Dream Time Machine,タイムドリーマー,Vol 194,,,Vol 16,Ep 1011,,,,,,,,
CC,1988-10,Noby's Stone Age Japan,のび太の日本誕生,Vol L9,,Vol L9,Vol L4,,,,,,Nobita and the Birth of Japan,Nobita and the Birth of Japan 2016,,
G4,1988-11,Rainbow Violetta,虹のビオレッタ,Vol 123,,Vol 39,Vol 16,Ep 1035,,Ep 187B (317),,,,,,
G4,1988-12,"Looks, Power, or IQ",顔か力かIQか,Vol 124,,Vol 40,Vol 16,Ep 1028,,Ep 108B (204),,,,,,
G4,1989-01,Playing with Shadows,「影ぶんちん」と「影実体化液」,Vol 194,,,Vol 16,Ep 1031,,,,,,,,
G3,1989-02,The Paper Submarine,深海潜水艇たった二百円！！,Vol 131,,Vol 42,Vol 17,Ep 1071,,Ep 750B (1299),,,,,,
G4,1989-02,The Abstainer's Shrine,断ち物願かけ神社,Vol 130,,Vol 42,Vol 16,Ep 1033,,,,,,,,
G4,1989-03,Photos that Feel,エアコンフォト,Vol 154,,Vol +5,Vol 16,Ep 1057,,Ep 426D (748),,,,,,
G3,1989-04,The Free-Size Costume Camera,フリーサイズぬいぐるみカメラ,Vol 125,,Vol 40,Vol 17,Ep 1036,,Ep 383B (654),,,,,,
G4,1989-04,The Human Piggy Bank Maker,人間貯金箱製造機,Vol 126,,Vol 40,Vol 17,Ep 1038,,Ep 318A (527),,,,,,
G6,1989-04,Home Nature Theater,環境スクリーンで勉強バリバリ,Vol 125,,Vol 40,Vol 16,Ep 1069,,Ep 898A (1496),,,,,,
G4,1989-04,Little G's Big Crush,泣くなジャイ子よ,Vol 126,,Vol 40,Vol 17,Ep 1046,,Ep 50A (98),Ep 699B (1220),,,,Do Your Best! Gian!!,
G3,1989-05,The Self-Alarm,セルフアラーム,Vol 157,,Vol +6,Vol 17,Ep 1040,,,,,,,,
G6,1989-05,The Mini Hot Air Balloon,ミニ熱気球,Vol 126,,Vol 40,Vol 16,Ep 1042,,Ep 70B (137),Ep 738B (1283),,,,,
G3,1989-06,Keep-It-Up Gloves,つづきをヨロシク,Vol 127,,Vol 41,Vol 17,Ep 1045,,Ep 544A (968),,,,,,
G4,1989-06,Flying Comics,空とぶマンガ本,Vol 126,,Vol 40,Vol 17,Ep 1048,,Ep 381A (649),,,,,,
G6,1989-06,Winning Back Shizuka,しずちゃんをとりもどせ,Vol 126,Vol 2-3,Vol 40,Vol 16,Ep 1049,,Ep 75B–76A (146–147),Ep 719A (1251),,,,,
G3,1989-07,Where Was It When,そのときどこにいた,Vol 148,,Vol +3,Vol 17,Ep 1051,,Ep 759A (1311),,,,,,
G4,1989-07,The Omni-Sketchbook,いつでもどこでもスケッチセット,Vol 128,,Vol 41,Vol 17,Ep 1053,,Ep 462B (814),,,,,,
G6,1989-07,The Any Day Calendar,気まぐれカレンダー,Vol 129,Vol 2-5,Vol 41,Vol 16,Ep 1093,,Ep 178B (306),,,,,,
G3,1989-08,A 30-Story House,野比家は三十階,Vol 128,Vol 3-3,Vol 41,Vol 17,Ep 1055,,Ep 402A (689),,,,,,
G4,1989-08,The Dinner Show of Terror,恐怖のディナーショー,Vol 129,Vol 2-2,Vol 41,Vol 17,Ep 1054,,Ep 192A (323),Ep 563B (1004),,,,,
G6,1989-08,The Personal Nation Kit,おこのみ建国用品いろいろ,Vol 124,,Vol 40,Vol 16,Ep 1060,,Ep 472B (834),,,,,,
G3,1989-09,The Uber-Strongman Pill,強力ウルトラスーパーデラックス錠,Vol 156,,Vol +5,Vol 17,Ep 1058,,Ep 198 (332),,,,,,
G4,1989-09,Return to Owner Spray,落としものカムバックスプレー,Vol 128,Vol 3-5,Vol 41,Vol 17,Ep 1089,,Ep 671B (1174),,,,,,
G6,1989-09,Half and Half and Half and…,半分の半分のまた半分…,Vol 131,,Vol 42,Vol 16,Ep 1056,,Ep 157A (280),Ep 530B (942),,,,,
G3,1989-10,Doraemon Gets Sick,ドラえもんが重病に？,Vol 139,Vol 2-1,Vol 45,Vol 17,Ep 1074,,Ep 101B (192),,,,,,
G4,1989-10,The Wish Granter,やりすぎ！のぞみ実現機,Vol 132,,Vol 42,Vol 17,Ep 1063,,Ep 200B (336),Ep 504B (893),,,,,
G6,1989-10,Noby Gets Jealous,ふたりっきりでなにしてる？,Vol 132,Vol 3-6,Vol 42,Vol 16,Ep 1090,,Ep 59A (117),,,,,,
CC,1989-10,Noby's Storybook Planet,のび太とアニマル惑星,Vol L10,,Vol L10,Vol L4,,,,,,Nobita and the Animal Planet,,,
G3,1989-11,The Restorelixir,全体復元液,Vol 146,,Vol +2,Vol 17,Ep 1072,,,,,,,,
G4,1989-11,Real Magic,マジックの使い道,Vol 128,,Vol 41,Vol 17,Ep 1068,,Ep 670C (1171),,,,,,
G6,1989-11,The Future Library Card,未来図書券,Vol 127,,Vol 41,Vol 16,Ep 1066,,Ep 859B (1451),,,,,,
G4,1989-12,Mine All Mine Spray,あなただけの物ガス,Vol 130,,Vol 42,Vol 17,Ep 1078,,Ep 272B (441),,,,,,
G6,1989-12,The Weighter-Unweighter,ふんわりズッシリメーター,Vol 129,Vol 2-4,Vol 41,Vol 16,Ep 1073,,Ep 66A (128),,,,,,
G3,1990-01,The High Rise Escape,高層マンション脱出大作戦,Vol 195,,Vol +7,Vol 17,Ep 1081,,,,,,,,
G4,1990-01,Speed Goggles,スピード増感ゴーグル,Vol 150,,Vol +3,Vol 17,Ep 1079,,,,,,,,
G6,1990-01,The Pinch Runner,ピンチランナー,Vol 147,,Vol +2,Vol 16,Ep 1080,,,,,,,,
G3,1990-02,The Ultra-Eraser,万能クリーナー,Vol 131,Vol 3-6,Vol 42,Vol 17,Ep 1082,,,,,,,,
G4,1990-02,The Weather Concentrator,まわりのお天気集めよう,Vol 134,,Vol 43,Vol 17,Ep 1106,,Ep 855B (1445),,,,,,
G6,1990-02,"Left, Straight, Right, Right, Left…",左、直、右、右、左…,Vol 127,,Vol 41,Vol 16,Ep 1084,,Ep 612B (1075),,,,,,
G4,1990-03,The Time Pistol,タイムピストルで“じゃま物”は消せ,Vol 147,,Vol +2,Vol 17,Ep 1083,,Ep 361B (610),,,,,,
G6,1990-03,The Neighborhood under the Sea,深夜の町は海の底,Vol 129,,Vol 41,Vol 16,Ep 1085,,Ep 489B (865),,,Nobita's Great Battle of the Mermaid King,,,
G1,1990-04,Realtime Picture Books,現実中継絵本,Vol 136,Vol 2-6,Vol 44,Vol 17,Ep 1094,,,,,,,,
G3,1990-04,Noby the Cat,ネコののび太いりませんか,Vol 133,,Vol 43,Vol 17,Ep 1095,,Ep 51B (101),Ep 496A (876),,,,,
G4,1990-04,Noby's Invaders,宇宙戦艦のび太を襲う,Vol 135,Vol 2-5,Vol 43,Vol 17,Ep 1112,,Ep 387B (662),,,,,,
G6,1990-04,The Great Escape,町内突破大作戦,Vol 130,,Vol 42,Vol 16,Ep 1096,,Ep 205 (343),Ep 675A (1181),,,,,
G3,1990-05,Bio-Can Blossoms,食べて歌ってバイオ花見,Vol 135,,Vol 43,Vol 17,Ep 1176,,Ep 477C (842),,,,,,
G4,1990-05,The Luck-ing Glass,ラジ難チュー難の相？,Vol 135,,Vol 43,Vol 17,Ep 1116,,Ep 466B (822),,,,,,
G6,1990-05,The Universal Encyclopedia,宇宙完全大百科,Vol 132,,Vol 42,Vol 16,Ep 1097,,,,,,,,
G3,1990-06,Digging for Clam-Packs,もぐれ！ハマグリパック,Vol 131,,Vol 42,Vol 17,Ep 1125,,Ep 393B (674),Ep 911A (1514),,,,,
G4,1990-06,The Insta-Guru Course,仙人らくらくコース,Vol 134,,Vol 43,Vol 17,Ep 1098,,Ep 104B (197),Ep 534A (949),,,,,
G6,1990-06,A Feast for the Eyes,目は口ほどに物を食べ,Vol 130,Vol 3-6,Vol 42,Vol 16,Ep 1102,,Ep 479B (846),,,,,,
G3,1990-07,Back to the Past,七万年前の日本へ行こう,Vol 195,,Vol +7,Vol 17,Ep 1099,,,,,,,,
G4,1990-07,The Substitute-Me TV,身がわりテレビ,Vol 145,,Vol +2,Vol 17,Ep 1137,,Ep 451A (792),,,,,,
G6,1990-07,Who Needs Doraemon?,ドラえもんがいなくてもだいじょうぶ！？,Vol 148,,Vol +3,Vol 16,Ep 1104,,Ep 850A (1437),,,,,,
G3,1990-08,The Daruma Cap,ダルマさんころんだ帽,Vol 195,,,Vol 17,Ep 1107,,Ep 623A (1089),,,,,,
G4,1990-08,Hawaii Comes to Noby,ハワイがやってくる,Vol 138,,Vol 44,Vol 17,Ep 1140,,Ep 654A (1144),,,,,,
G6,1990-08,Little G's New Comic,ジャイ子の新作まんが,Vol 138,,Vol 44,Vol 16,Ep 1108,,Ep 50B (99),Ep 732B (1274),,,,Do Your Best! Gian!!,
G3,1990-09,The Balance Trainer,バランストレーナー,Vol 137,,Vol 44,Vol 17,Ep 1266,,Ep 751B (1301),,,,,,
G4,1990-09,Perfect Pictures,万能プリンター,Vol 133,,Vol 43,Vol 17,Ep 1153,,Ep 887A (1485),,,,,,
G6,1990-09,"Jack, Betty, and Janie",ジャックとベティとジャニー,Vol 135,,Vol 43,Vol 16,Ep 1115,,Ep 103A (194),Ep 508B (900),,,,,
CC,1990-09,Noby's Dorabian Nights,のび太のドラビアンナイト,Vol L11,,Vol L11,Vol L4,,,,,,Nobita's Dorabian Nights,,,
G4,1990-10,Identical Pet Food,そっくりペットフード,Vol 159,,Vol +6,Vol 17,Ep 1114,,Ep 428A (750),Ep 910A (1512),,,,,
G6,1990-10,The Memory Lens,記憶とり出しレンズ,Vol 194,,,Vol 16,Ep 1120,,,,,,,,
G3,1990-11,Handmade Toys,手作りおもちゃ,Vol 195,,Vol +7,Vol 17,Ep 1118,,Ep 835A (1416),,,,,,
G4,1990-11,The Ship-in-a-bottle Battle,ボトルシップ大海戦,Vol 140,,Vol 45,Vol 17,Ep 1119,,Ep 755B (1307),,,,,,
G6,1990-11,Big G in Love,恋するジャイアン,Vol 136,,Vol 44,Vol 16,Ep 1117,,Ep 130B–131A (239–240),,,,,,
G3,1990-12,The Shooting Star Catcher,流れ星ゆうどうがさ,Vol 154,,Vol +5,Vol 17,Ep 1122,,Ep 133 (243),Ep 893A (1491),,,,,
G6,1990-12,The Every Bit Helper,「チリつもらせ機」で幸せいっぱい？,Vol 157,,Vol +6,Vol 16,Ep 1121,,Ep 437B (766),,,,,,
G4,1991-01,The Sky Frame,空まです通しフレーム,Vol 195,,,Vol 17,Ep 1163,,,,,,,,
G6,1991-02,The Nature Model Series,自然観察プラモシリーズ,Vol 139,,Vol 45,Vol 16,Ep 1135,,Ep 40A (80),Ep 728A (1265),,,,,
G4,1991-03,Decoy Dolls,身がわり紙人形,Vol 140,,Vol 45,Vol 17,Ep 1168,,Ep 800B (1372),,,,,,
G4,1991-04,Haunted Stuff,こわ～い！「百鬼線香」と「説明絵巻」,Vol 195,,,Vol 17,Ep 1145,,Ep 450B (791),,,,,,
CC,1991-10,Noby's Kingdom in the Clouds,のび太と雲の王国,Vol L12,,Vol L12,Vol L5,,,,,,Nobita and the Kingdom of Clouds,,,
CC,1992-09,Noby and the Tin Toy Labyrinth,のび太とブリキの迷宮,Vol L13,,Vol L13,Vol L5,,,,,,Nobita and the Tin Labyrinth,,,
CC,1993-09,Noby's Phantastic Swordsmen,のび太と夢幻三剣士,Vol L14,,Vol L14,Vol L5,,,,,,Nobita's Three Visionary Swordsmen,,,
G5,1994-07,The Man from Planet Galapa,ガラパ星からきた男,Vol 141,,Vol 45,Vol 17,Special (Ep 1568A),,,,,,,,
CC,1994-09,"Noby, Creator of Worlds",のび太の創世日記,Vol L15,,Vol L15,Vol L6,,,,,,Nobita's Diary on the Creation of the World,,,
CC,1995-09,Noby's Galactic Express,のび太と銀河超特急,Vol L16,,Vol L16,Vol L6,,,,,,Nobita and the Galaxy Super-express,,,
CC,1996-09,Noby's Wind-up City,のび太のねじ巻き都市冒険記,Vol L17,,Vol L17,Vol L6,,,,,,Nobita and the Spiral City,,,
